time/total_timesteps,time/time_elapsed,time/fps,time/iterations,train/entropy_loss,train/clip_fraction,train/value_loss,train/n_updates,train/learning_rate,train/clip_range,train/approx_kl,train/explained_variance,train/policy_gradient_loss,train/loss,train/std,rollout/ep_rew_mean,rollout/ep_len_mean
524288,30,17075,1,,,,,,,,,,,,,
1048576,61,17117,2,-9.975062012672424,0.044542789459228516,0.03826846530864714,8,0.0001,0.2,0.0056574782,-4.110796928405762,-0.004124372424939793,-0.10190737247467041,1.009268045425415,,
1572864,91,17158,3,-10.055171929299831,0.01868128776550293,0.005934283275564667,16,0.0001,0.2,0.003719589,-0.13418197631835938,-0.0015327202288517583,-0.10158952325582504,1.0220947265625,,
2097152,122,17090,4,-10.121123623102903,0.014011144638061523,0.00371564117995149,24,0.0001,0.2,0.0032168198,0.31317079067230225,-0.0013162243490114633,-0.10323243588209152,1.0299121141433716,,
2621440,154,17019,5,-10.165220402181149,0.015417098999023438,0.003455309529272199,32,0.0001,0.2,0.0034424777,0.25150859355926514,-0.0013899850341658748,-0.10293220728635788,1.0358318090438843,,
3145728,185,16972,6,-10.203605823218822,0.017609357833862305,0.002596865700070339,40,0.0001,0.2,0.0035399245,0.4177214503288269,-0.0015589391805406194,-0.10371574759483337,1.041804313659668,-3.522465078830719,360.0
3670016,218,16788,7,-10.239860698580742,0.024902820587158203,0.002455749856380862,48,0.0001,0.2,0.004122424,0.3174724578857422,-0.002144684271343067,-0.10460569709539413,1.047045350074768,-3.522465078830719,360.0
4194304,251,16658,8,-10.273623425513506,0.031100034713745117,0.0016585148696321994,56,0.0001,0.2,0.0045150192,0.4627055525779724,-0.0026962875931531016,-0.10581140965223312,1.0525463819503784,-3.522465078830719,360.0
4718592,284,16560,9,-10.315265618264675,0.02410411834716797,0.002261788346004323,64,0.0001,0.2,0.0039423984,0.373443603515625,-0.0020366159883451473,-0.1050494834780693,1.0592546463012695,-3.522465078830719,360.0
5242880,318,16486,10,-10.353501707315445,0.02931499481201172,0.0018106368011103768,72,0.0001,0.2,0.004092728,0.5072794258594513,-0.0026190301816768624,-0.10588914155960083,1.0649470090866089,-3.522465078830719,360.0
5767168,351,16396,11,-10.386326532810926,0.0322265625,0.002032556292761001,80,0.0001,0.2,0.0042638644,0.4177681803703308,-0.0028767062685801648,-0.10743989795446396,1.0696723461151123,-3.522465078830719,360.0
6291456,386,16281,12,-10.411744188517332,0.03508734703063965,0.001617818439626717,88,0.0001,0.2,0.004525463,0.5507784485816956,-0.003246083567773894,-0.10700636357069016,1.0735251903533936,-3.409778473377228,360.0
6815744,425,16017,13,-10.430942591279745,0.03589653968811035,0.0014188867698976537,96,0.0001,0.2,0.0046123187,0.4267626404762268,-0.0030606262971559772,-0.10736364871263504,1.0766396522521973,-3.409778473377228,360.0
7340032,463,15821,14,-10.462730910629034,0.023281097412109375,0.0011160602825839305,104,0.0001,0.2,0.0035938176,0.6193802952766418,-0.0022122980590211228,-0.10767368227243423,1.0831029415130615,-3.409778473377228,360.0
7864320,500,15699,15,-10.499198287725449,0.022566795349121094,0.0014048375619495346,112,0.0001,0.2,0.003523474,0.48840612173080444,-0.0018950837925331143,-0.10605791211128235,1.088640570640564,-3.409778473377228,360.0
8388608,537,15619,16,-10.524960033595562,0.02830815315246582,0.0011283509552413307,120,0.0001,0.2,0.0041761133,0.5507358014583588,-0.0025884781621243746,-0.10722135007381439,1.0922682285308838,-3.409778473377228,360.0
8912896,571,15583,17,-10.550128310918808,0.025796890258789062,0.0011246325311731198,128,0.0001,0.2,0.0039082444,0.5126500427722931,-0.0023996758845896693,-0.10880233347415924,1.0968656539916992,-3.4772056579589843,360.0
9437184,606,15560,18,-10.579822059720755,0.020958662033081055,0.0013483671491485438,136,0.0001,0.2,0.0037465398,0.283755362033844,-0.0018069812617795833,-0.108779177069664,1.102092981338501,-3.4772056579589843,360.0
9961472,642,15494,19,-10.608255442231894,0.03191685676574707,0.0008061301064117288,144,0.0001,0.2,0.004505747,0.5099804103374481,-0.002955554696654872,-0.10894333571195602,1.1068910360336304,-3.4772056579589843,360.0
10485760,678,15460,20,-10.637821514159441,0.03297090530395508,0.00103900074145713,152,0.0001,0.2,0.0044306284,0.4166730046272278,-0.0028947032847099763,-0.1092400923371315,1.1123542785644531,-3.4772056579589843,360.0
11010048,712,15452,21,-10.660304855555296,0.02873516082763672,0.0008633900645236281,160,0.0001,0.2,0.0042733,0.5241218507289886,-0.002690325517050951,-0.10933221876621246,1.1160378456115723,-3.4772056579589843,360.0
11534336,746,15449,22,-10.68522623181343,0.020114898681640625,0.0009648493100939959,168,0.0001,0.2,0.003524351,0.30761706829071045,-0.0017600659380150319,-0.10936596989631653,1.1216500997543335,-3.4772056579589843,360.0
12058624,777,15518,23,-10.712561313062906,0.015420675277709961,0.0009690412541658588,176,0.0001,0.2,0.003083298,0.3725557327270508,-0.0015165373927175096,-0.1091039776802063,1.1267797946929932,-3.1765625429153443,360.0
12582912,810,15529,24,-10.73762096464634,0.01604318618774414,0.0009394591247655626,184,0.0001,0.2,0.0033722706,0.3228684067726135,-0.0014255484320528922,-0.1098143607378006,1.1317508220672607,-3.1765625429153443,360.0
13107200,844,15520,25,-10.763646751642227,0.015639066696166992,0.0008250469252288894,192,0.0001,0.2,0.0032799349,0.5485712885856628,-0.0017048134884589672,-0.10971321165561676,1.1367651224136353,-3.1765625429153443,360.0
13631488,878,15518,26,-10.79906065762043,0.013351917266845703,0.0010436378274789604,200,0.0001,0.2,0.0030202672,0.471505343914032,-0.0013365365571189614,-0.11019226163625717,1.1450226306915283,-3.1765625429153443,360.0
14155776,911,15523,27,-10.834069538861513,0.013727188110351562,0.0009536119755466643,208,0.0001,0.2,0.0030602622,0.5081097781658173,-0.0015108267978121148,-0.1101352646946907,1.152078628540039,-3.1765625429153443,360.0
14680064,945,15527,28,-10.864129785448313,0.014961004257202148,0.0010808158062900475,216,0.0001,0.2,0.0031439187,0.3808526396751404,-0.0014888649059230374,-0.11120050400495529,1.158393144607544,-3.1765625429153443,360.0
15204352,974,15605,29,-10.890793934464455,0.009858846664428711,0.0010700026800805063,224,0.0001,0.2,0.0027166617,0.417450487613678,-0.0010386643948550045,-0.11041957139968872,1.1638835668563843,-2.9776064729690552,360.0
15728640,1005,15639,30,-10.918895810842514,0.01842045783996582,0.0009283942988531635,232,0.0001,0.2,0.0035646402,0.4893226623535156,-0.001636946846247156,-0.1114194244146347,1.1714826822280884,-2.9776064729690552,360.0
16252928,1037,15670,31,-10.955381646752357,0.017810583114624023,0.0011029219199372164,240,0.0001,0.2,0.0035033196,0.5507868528366089,-0.0018051193394512666,-0.11095495522022247,1.1794668436050415,-2.9776064729690552,360.0
16777216,1068,15694,32,-10.98123063147068,0.013617277145385742,0.0009761887661170476,248,0.0001,0.2,0.0032008006,0.5981923341751099,-0.0016398620959989785,-0.11177001893520355,1.1860092878341675,-2.9776064729690552,360.0
17301504,1100,15714,33,-11.004569925367832,0.012378215789794922,0.001112707009724545,256,0.0001,0.2,0.0029684007,0.4382980465888977,-0.0012518999371877726,-0.11053634434938431,1.1931880712509155,-2.9776064729690552,360.0
17825792,1131,15748,34,-11.029980771243572,0.01280665397644043,0.0010740869074652437,264,0.0001,0.2,0.0030911455,0.4993472099304199,-0.0013624605262521072,-0.11275141686201096,1.1999660730361938,-2.870450031757355,360.0
18350080,1159,15826,35,-11.045979656279087,0.011109590530395508,0.0010959369615193282,272,0.0001,0.2,0.0026804768,0.40156060457229614,-0.001136303536441119,-0.1117372214794159,1.2041367292404175,-2.870450031757355,360.0
18874368,1188,15880,36,-11.063692156225443,0.020282506942749023,0.0008623901862847561,280,0.0001,0.2,0.003622019,0.5888827741146088,-0.0018602671914322855,-0.11347348988056183,1.2105438709259033,-2.870450031757355,360.0
19398656,1217,15935,37,-11.092635050415993,0.01598668098449707,0.0011064553204960248,288,0.0001,0.2,0.0033638384,0.5635117888450623,-0.0016796159923160303,-0.11248105764389038,1.219519853591919,-2.870450031757355,360.0
19922944,1246,15983,38,-11.119579929858446,0.011638402938842773,0.0010488507809895964,296,0.0001,0.2,0.002885506,0.6010186970233917,-0.001323162240964848,-0.11340826749801636,1.2276349067687988,-2.870450031757355,360.0
20447232,1276,16019,39,-11.138040363788605,0.011517524719238281,0.0011927434929930314,304,0.0001,0.2,0.002896204,0.5064807832241058,-0.0012998950512610463,-0.11328274011611938,1.2342067956924438,-2.870450031757355,360.0
20971520,1303,16087,40,-11.149995777755976,0.013206720352172852,0.0011451098098405055,312,0.0001,0.2,0.0030785007,0.5683499574661255,-0.001462588068761761,-0.1133962944149971,1.240351676940918,-2.730415004491806,360.0
21495808,1329,16168,41,-11.15800816193223,0.011382818222045898,0.0011938241400457628,320,0.0001,0.2,0.0029316996,0.5176514387130737,-0.0011021216050721705,-0.11370062083005905,1.2451499700546265,-2.730415004491806,360.0
22020096,1355,16242,42,-11.179483383893967,0.0169222354888916,0.000990410840131517,328,0.0001,0.2,0.0034892615,0.6882880330085754,-0.001729457125748013,-0.1140589714050293,1.254630446434021,-2.730415004491806,360.0
22544384,1381,16314,43,-11.208541423082352,0.013509035110473633,0.0014559212468157057,336,0.0001,0.2,0.0029382836,0.5827229917049408,-0.0012767583830282092,-0.11382775008678436,1.264451503753662,-2.730415004491806,360.0
23068672,1408,16379,44,-11.232488039880991,0.01336526870727539,0.001154351212335314,344,0.0001,0.2,0.0029083905,0.6672134101390839,-0.0013052263941517595,-0.11404354125261307,1.2723650932312012,-2.730415004491806,360.0
23592960,1436,16426,45,-11.257459424436092,0.01059579849243164,0.001537596227535687,352,0.0001,0.2,0.0028050216,0.5887070894241333,-0.001057776998322879,-0.11403876543045044,1.2824857234954834,-2.575965794324875,360.0
24117248,1459,16527,46,-11.285017888993025,0.010408639907836914,0.0016221387181758473,360,0.0001,0.2,0.0028332411,0.5190925896167755,-0.0009554972461955913,-0.11422636359930038,1.2919723987579346,-2.575965794324875,360.0
24641536,1483,16611,47,-11.303442519158125,0.013141632080078125,0.0011355766469023365,368,0.0001,0.2,0.0030403722,0.6669037342071533,-0.0011632041155280604,-0.11481800675392151,1.2976891994476318,-2.575965794324875,360.0
25165824,1507,16693,48,-11.330219440162182,0.01298666000366211,0.0014635816623922437,376,0.0001,0.2,0.0029005692,0.6244594156742096,-0.0012362647663621829,-0.1152065098285675,1.3093056678771973,-2.575965794324875,360.0
25690112,1531,16770,49,-11.361576158553362,0.012151241302490234,0.0011976387531831278,384,0.0001,0.2,0.0029982633,0.7092838287353516,-0.0012084107615919493,-0.11506360024213791,1.320314645767212,-2.575965794324875,360.0
26214400,1556,16846,50,-11.388232748955488,0.015108823776245117,0.0015908975337879383,392,0.0001,0.2,0.0031424006,0.5965410768985748,-0.0013048228352090518,-0.11545474082231522,1.330539584159851,-2.575965794324875,360.0
26738688,1580,16916,51,-11.407381407916546,0.014253377914428711,0.0012601699004335387,400,0.0001,0.2,0.0029745772,0.7021341621875763,-0.0014483491877399501,-0.11533569544553757,1.3394110202789307,-2.394007433652878,360.0
27262976,1603,17003,52,-11.42410659790039,0.011826753616333008,0.001777911053977732,408,0.0001,0.2,0.0028394451,0.582741916179657,-0.0009445182643048611,-0.11561938375234604,1.3472654819488525,-2.394007433652878,360.0
27787264,1626,17087,53,-11.444360107183456,0.01823735237121582,0.0012335851906755124,416,0.0001,0.2,0.0032941485,0.7450045943260193,-0.0016132951081999636,-0.11717242002487183,1.35639226436615,-2.394007433652878,360.0
28311552,1648,17171,54,-11.471608225256205,0.013193368911743164,0.0018479176474102132,424,0.0001,0.2,0.002843707,0.6147007048130035,-0.0009153652342774876,-0.11654055118560791,1.3666355609893799,-2.394007433652878,360.0
28835840,1671,17252,55,-11.49267615005374,0.01461172103881836,0.0012615979017027712,432,0.0001,0.2,0.0030398318,0.743459165096283,-0.0013999887357840635,-0.11664703488349915,1.3757069110870361,-2.394007433652878,360.0
29360128,1693,17332,56,-11.519104033708572,0.014676332473754883,0.0020225335761097085,440,0.0001,0.2,0.002946151,0.610499918460846,-0.001206708247309507,-0.1161942407488823,1.3877147436141968,-2.394007433652878,360.0
29884416,1716,17407,57,-11.542515322566032,0.015645742416381836,0.0012711319491245376,448,0.0001,0.2,0.003164396,0.7617923617362976,-0.0015427102002831816,-0.11720534414052963,1.3961503505706787,-2.3258677637577057,360.0
30408704,1738,17486,58,-11.560295194387436,0.016459941864013672,0.002256228352052858,456,0.0001,0.2,0.0033892845,0.6090955138206482,-0.0012471430595724087,-0.11737757921218872,1.4006898403167725,-2.3258677637577057,360.0
30932992,1760,17566,59,-11.571835495531559,0.019708871841430664,0.0013336231081666483,464,0.0001,0.2,0.003789762,0.7871122062206268,-0.0020120800722907006,-0.1179678812623024,1.403960943222046,-2.3258677637577057,360.0
31457280,1782,17645,60,-11.588575419038534,0.018306493759155273,0.0022180510432008305,472,0.0001,0.2,0.0034471974,0.6883727014064789,-0.0015060438634009188,-0.11823860555887222,1.4102985858917236,-2.3258677637577057,360.0
31981568,1804,17720,61,-11.593428175896406,0.02721238136291504,0.0013565301924245432,480,0.0001,0.2,0.004398561,0.805481031537056,-0.0026396490643492143,-0.1190146952867508,1.4089405536651611,-2.3258677637577057,360.0
32505856,1827,17787,62,-11.584947694092989,0.0363154411315918,0.0016461889822494413,488,0.0001,0.2,0.004939939,0.8068468421697617,-0.0032382806957684807,-0.11858068406581879,1.4053845405578613,-2.09482106924057,360.0
33030144,1849,17863,63,-11.580623034387827,0.03208494186401367,0.0028904154569318052,496,0.0001,0.2,0.0045736665,0.6418971121311188,-0.002463241017267137,-0.11818250268697739,1.4036221504211426,-2.09482106924057,360.0
33554432,1870,17936,64,-11.555892460048199,0.06641006469726562,0.0015519349299211171,504,0.0001,0.2,0.006687974,0.7751149833202362,-0.006076056306483224,-0.1234796792268753,1.3926793336868286,-2.09482106924057,360.0
34078720,1892,18009,65,-11.540011081844568,0.034184932708740234,0.002505521812054212,512,0.0001,0.2,0.004871422,0.6426950991153717,-0.0025061977335099073,-0.11857358366250992,1.3896164894104004,-2.09482106924057,360.0
34603008,1913,18079,66,-11.521919496357441,0.05987858772277832,0.001089998746465426,520,0.0001,0.2,0.006350673,0.841421514749527,-0.005156885802989564,-0.12143269181251526,1.3822925090789795,-2.09482106924057,360.0
35127296,1935,18148,67,-11.510939873754978,0.03736305236816406,0.00255614269644866,528,0.0001,0.2,0.0050732386,0.6631119549274445,-0.0027463982933113584,-0.1183130070567131,1.3785561323165894,-2.09482106924057,360.0
35651584,1958,18205,68,-11.485988363623619,0.061681270599365234,0.0009937935346897575,536,0.0001,0.2,0.0064094216,0.8533619493246078,-0.00534808583688573,-0.12108313292264938,1.3691388368606567,-1.7181541156768798,360.0
36175872,1979,18273,69,-11.467404432594776,0.055690765380859375,0.001839545588609326,544,0.0001,0.2,0.005923055,0.579801619052887,-0.004339865433394152,-0.11871161311864853,1.362968921661377,-1.7181541156768798,360.0
36700160,2001,18337,70,-11.443142801523209,0.05325794219970703,0.000677119132660664,552,0.0001,0.2,0.005856932,0.8090596795082092,-0.004986152051060344,-0.12045833468437195,1.355725646018982,-1.7181541156768798,360.0
37224448,2022,18402,71,-11.422394402325153,0.045384883880615234,0.0021809125146319275,560,0.0001,0.2,0.005400444,0.6436780393123627,-0.0034234626282341196,-0.1180286854505539,1.3492828607559204,-1.7181541156768798,360.0
37748736,2043,18468,72,-11.39611192047596,0.053774356842041016,0.0006450315368056181,568,0.0001,0.2,0.0058991713,0.8436054885387421,-0.005039237390519702,-0.11922919750213623,1.3409310579299927,-1.7181541156768798,360.0
38273024,2065,18532,73,-11.382703695446253,0.04163694381713867,0.0021743555644206936,576,0.0001,0.2,0.0050771846,0.6666683554649353,-0.002993279488691769,-0.11809972673654556,1.336727261543274,-1.7181541156768798,360.0
38797312,2087,18586,74,-11.352841261774302,0.04805183410644531,0.000587777775763243,584,0.0001,0.2,0.005373815,0.8640066534280777,-0.004776460536504601,-0.12067374587059021,1.326740026473999,-1.282704740166664,360.0
39321600,2108,18646,75,-11.239683855324984,0.06874322891235352,0.001114647098347632,592,0.0001,0.2,0.008254176,0.34950143098831177,-0.00890465950124053,-0.12200208008289337,1.292644739151001,-1.282704740166664,360.0
39845888,2130,18705,76,-11.085077423602343,0.07073020935058594,0.0009166634604298451,600,0.0001,0.2,0.0088932365,0.30643343925476074,-0.009935136485637486,-0.12129990756511688,1.257512092590332,-1.282704740166664,360.0
40370176,2151,18763,77,-10.922510206699371,0.08032655715942383,0.000629024682666568,608,0.0001,0.2,0.009184158,0.7807784974575043,-0.011896719746800954,-0.12432008981704712,1.2224467992782593,-1.282704740166664,360.0
40894464,2172,18821,78,-10.791011862456799,0.042711734771728516,0.0013717083511437522,616,0.0001,0.2,0.005938264,0.4807509779930115,-0.0054964582559478,-0.11445073783397675,1.1986308097839355,-1.282704740166664,360.0
41418752,2194,18869,79,-10.643659479916096,0.0644235610961914,0.00051420561624127,624,0.0001,0.2,0.0077967774,0.8301810622215271,-0.009262742381906719,-0.11816702038049698,1.1686241626739502,-2.4279778254032136,360.0
41943040,2216,18926,80,-10.511552222073078,0.04259490966796875,0.0009156573842119542,632,0.0001,0.2,0.0057954756,0.6189769208431244,-0.005592277656432998,-0.11189649999141693,1.1459670066833496,-2.4279778254032136,360.0
42467328,2237,18981,81,-10.32954167574644,0.08177065849304199,0.00019727065188135384,640,0.0001,0.2,0.009411072,0.510346531867981,-0.014127680725323444,-0.12188924849033356,1.111791729927063,-2.4279778254032136,360.0
42991616,2258,19036,82,-10.210648950189352,0.03603172302246094,0.0011732653001672588,648,0.0001,0.2,0.0050765923,0.43988311290740967,-0.0037923591855815175,-0.10791747272014618,1.0955417156219482,-2.4279778254032136,360.0
43515904,2279,19090,83,-10.067794732749462,0.056550025939941406,0.0002450951843115945,656,0.0001,0.2,0.0072154324,0.7971906363964081,-0.008373651863848863,-0.10983182489871979,1.0689072608947754,-2.4279778254032136,360.0
44040192,2300,19141,84,-9.95908211544156,0.027576208114624023,0.0013014107044000411,664,0.0001,0.2,0.004343439,0.5972642004489899,-0.0027175042393992044,-0.102816641330719,1.0557293891906738,-2.4279778254032136,360.0
44564480,2322,19186,85,-9.831850379705429,0.04151463508605957,0.0002802070928282774,672,0.0001,0.2,0.006204815,0.8675035387277603,-0.006065198326496102,-0.10806084424257278,1.032080054283142,-1.809059716463089,360.0
45088768,2343,19239,86,-9.704782120883465,0.032906532287597656,0.000622307720959725,680,0.0001,0.2,0.0050238823,0.46619147062301636,-0.0037898939872320625,-0.10257042944431305,1.014490008354187,-1.809059716463089,360.0
45613056,2364,19289,87,-9.538912765681744,0.06426286697387695,0.00016552223826238333,688,0.0001,0.2,0.008217291,0.4517943859100342,-0.010410568844235968,-0.10856150090694427,0.9874187111854553,-1.809059716463089,360.0
46137344,2385,19338,88,-9.42559028789401,0.028994321823120117,0.0009200808872265043,696,0.0001,0.2,0.0042197173,0.5077215433120728,-0.0024788378266293876,-0.09866451472043991,0.9746819138526917,-1.809059716463089,360.0
46661632,2406,19387,89,-9.298047438263893,0.04521536827087402,0.0001853071970572273,704,0.0001,0.2,0.00630621,0.8139570653438568,-0.006060289026663668,-0.10064440965652466,0.9532821178436279,-1.809059716463089,360.0
47185920,2428,19427,90,-9.195464186370373,0.031911373138427734,0.0010193369482749404,712,0.0001,0.2,0.004257754,0.6758281290531158,-0.002264245560127165,-0.09555113315582275,0.942534327507019,-1.419599187374115,360.0
47710208,2449,19476,91,-9.111188266426325,0.022809743881225586,0.00068335525133989,720,0.0001,0.2,0.0040672375,0.6802251935005188,-0.0022459805693415547,-0.09495585411787033,0.9297286868095398,-1.419599187374115,360.0
48234496,2470,19525,92,-8.956686928868294,0.04936623573303223,0.00015849722637995,728,0.0001,0.2,0.0072674984,0.6560672521591187,-0.008111509639547876,-0.09911620616912842,0.9048371315002441,-1.419599187374115,360.0
48758784,2491,19571,93,-8.843886654824018,0.027484893798828125,0.0009232454287939618,736,0.0001,0.2,0.0041421186,0.3912277817726135,-0.001957441786316849,-0.09102673083543777,0.8948047161102295,-1.419599187374115,360.0
49283072,2512,19614,94,-8.725837428122759,0.042966604232788086,0.000224031488073706,744,0.0001,0.2,0.006173161,0.8377961367368698,-0.004834216085782828,-0.09292212873697281,0.876223087310791,-1.419599187374115,360.0
49807360,2533,19661,95,-8.631023190915585,0.02480030059814453,0.0009814802876917383,752,0.0001,0.2,0.0039846753,0.6244890689849854,-0.0014712122745095257,-0.08750803023576736,0.8674511909484863,-1.419599187374115,360.0
50331648,2555,19697,96,-8.524120565503836,0.03514742851257324,0.00022664030626629028,760,0.0001,0.2,0.005687304,0.8866002112627029,-0.003912714767466241,-0.0882241353392601,0.8504089713096619,-1.1800178200006486,360.0
50855936,2576,19740,97,-8.418824158608913,0.029727697372436523,0.0005749555457441602,768,0.0001,0.2,0.0046542846,0.6024689972400665,-0.0023268594438832224,-0.08693163841962814,0.8392793536186218,-1.1800178200006486,360.0
51380224,2596,19784,98,-8.26263727620244,0.050606489181518555,0.00012003187538311977,776,0.0001,0.2,0.0072989324,0.4115542769432068,-0.007764681059143186,-0.09157954901456833,0.8165706992149353,-1.1800178200006486,360.0
51904512,2617,19826,99,-8.150759980082512,0.026727676391601562,0.0007620407038757548,784,0.0001,0.2,0.0040645828,0.44980388879776,-0.001603058040018368,-0.08391968160867691,0.8073985576629639,-1.1800178200006486,360.0
52428800,2638,19866,100,-8.03234346397221,0.04079031944274902,0.00013403847557924564,792,0.0001,0.2,0.0061436,0.8305645138025284,-0.004318185561032806,-0.08709162473678589,0.790867269039154,-1.1800178200006486,360.0
52953088,2659,19909,101,-7.945470118895173,0.02884364128112793,0.00097238956163892,800,0.0001,0.2,0.00430885,0.6038752794265747,-0.0009381440928564189,-0.08127856254577637,0.7848626971244812,-1.1800178200006486,360.0
53477376,2681,19944,102,-7.842752596363425,0.03397870063781738,0.00014776563489249384,808,0.0001,0.2,0.005373004,0.895397312939167,-0.0034769892629356036,-0.0826290100812912,0.7690272927284241,-0.9567716366052628,360.0
54001664,2702,19985,103,-7.738716930150986,0.02790093421936035,0.0005105854505700336,816,0.0001,0.2,0.0042945915,0.3569765090942383,-0.001644520206582456,-0.07884769886732101,0.7599357962608337,-0.9567716366052628,360.0
54525952,2722,20026,104,-7.589900558814406,0.05004477500915527,9.300529933398138e-05,824,0.0001,0.2,0.007252138,0.4985434412956238,-0.006997047036293225,-0.08504804223775864,0.7399989366531372,-0.9567716366052628,360.0
55050240,2743,20067,105,-7.487119624391198,0.027979612350463867,0.0005934681280450604,832,0.0001,0.2,0.004242602,0.5742817521095276,-0.0011236155478400178,-0.0766754224896431,0.7330199480056763,-0.9567716366052628,360.0
55574528,2764,20105,106,-7.373418042436242,0.04252362251281738,0.00010469655745737327,840,0.0001,0.2,0.0063302005,0.8512128442525864,-0.004327934834464031,-0.07978448271751404,0.717612624168396,-0.9567716366052628,360.0
56098816,2785,20139,107,-7.267931425943971,0.03197646141052246,0.0004191399220871972,848,0.0001,0.2,0.004777164,0.8371181041002274,-0.0017172878724522889,-0.07470490038394928,0.7091306447982788,-0.758132912516594,360.0
56623104,2806,20177,108,-7.200713220983744,0.02907276153564453,0.0006655880649759638,856,0.0001,0.2,0.00401858,0.6367751061916351,-0.0009277814872348245,-0.0753779262304306,0.7026124596595764,-0.758132912516594,360.0
57147392,2826,20216,109,-7.060101741924882,0.045181989669799805,7.732756222367243e-05,864,0.0001,0.2,0.007073452,0.5819398462772369,-0.006326741071916331,-0.0801897794008255,0.6841708421707153,-0.758132912516594,360.0
57671680,2847,20253,110,-6.962666414678097,0.029994726181030273,0.0007381174618785735,872,0.0001,0.2,0.0040174895,0.4077828526496887,-0.0009284042214403598,-0.07149437814950943,0.6790525317192078,-0.758132912516594,360.0
58195968,2868,20290,111,-6.865260681137443,0.04180622100830078,0.00010389294453716502,880,0.0001,0.2,0.0058445726,0.8650293499231339,-0.0033055514713851153,-0.07304634153842926,0.6665065884590149,-0.758132912516594,360.0
58720256,2888,20328,112,-6.794862702488899,0.030547618865966797,0.0008756827112392784,888,0.0001,0.2,0.004036081,0.6018115282058716,-0.0003322342961382674,-0.0696578249335289,0.6633264422416687,-0.758132912516594,360.0
59244544,2910,20357,113,-6.708890873938799,0.03583049774169922,0.00011954519567325406,896,0.0001,0.2,0.005259554,0.9074000790715218,-0.0024974048501462676,-0.07047089189291,0.6509579420089722,-0.6566833195090294,360.0
59768832,2930,20394,114,-6.6192583460360765,0.03184390068054199,0.0004886066873268646,904,0.0001,0.2,0.004072725,0.5179686546325684,-0.0010084797027047898,-0.06685003638267517,0.6451859474182129,-0.6566833195090294,360.0
60293120,2951,20430,115,-6.482623558491468,0.05025959014892578,7.259045155194599e-05,912,0.0001,0.2,0.0068373596,0.5455504357814789,-0.006023147648647864,-0.07267069816589355,0.628837525844574,-0.6566833195090294,360.0
60817408,2971,20465,116,-6.392886569723487,0.03079390525817871,0.0006958395379115245,920,0.0001,0.2,0.004256759,0.5051555335521698,-0.0004613093947227753,-0.06541494280099869,0.6252707242965698,-0.6566833195090294,360.0
61341696,2992,20501,117,-6.306283043697476,0.046566009521484375,9.182484396319524e-05,928,0.0001,0.2,0.0055806395,0.8751446306705475,-0.002939248046686771,-0.06718127429485321,0.6141374111175537,-0.6566833195090294,360.0
61865984,3012,20535,118,-6.237555226311088,0.03148961067199707,0.0008834148982259649,936,0.0001,0.2,0.004050273,0.6301896274089813,-0.0001253352106687089,-0.06127627566456795,0.611841082572937,-0.6566833195090294,360.0
62390272,3034,20562,119,-6.155523659661412,0.03823566436767578,0.00010212007461518624,944,0.0001,0.2,0.0052476167,0.9141061678528786,-0.00248003854721901,-0.06485407799482346,0.6005213260650635,-0.5628264066576958,360.0
62914560,3054,20597,120,-6.070445440709591,0.03943347930908203,0.0004283978488501816,952,0.0001,0.2,0.0046638036,0.3301195502281189,-0.0007812739470409724,-0.06182477995753288,0.5960953831672668,-0.5628264066576958,360.0
63438848,3075,20630,121,-6.028162570670247,0.027551889419555664,0.000709937235342295,960,0.0001,0.2,0.003609276,0.16238850355148315,-0.00023694490596426476,-0.06270632892847061,0.5932005047798157,-0.5628264066576958,360.0
63963136,3095,20663,122,-5.9487213138490915,0.04312443733215332,0.00016152685674342138,968,0.0001,0.2,0.0056744926,0.858531266450882,-0.002159289260589503,-0.06404855847358704,0.5838329195976257,-0.5628264066576958,360.0
64487424,3115,20696,123,-5.887085568159819,0.029448270797729492,0.0007594843557399145,976,0.0001,0.2,0.00428404,0.6150203347206116,-0.00028198499944664945,-0.058006491512060165,0.580914318561554,-0.5628264066576958,360.0
65011712,3137,20722,124,-5.811241554096341,0.038234710693359375,0.00015543183843647057,984,0.0001,0.2,0.0054985536,0.9023767039179802,-0.0016257870895515225,-0.059534039348363876,0.57249915599823,-0.470086789727211,360.0
65536000,3157,20756,125,-5.7444923017174006,0.031080961227416992,0.0006231185598153388,992,0.0001,0.2,0.0043432983,0.5919418036937714,-0.0003980097990279319,-0.059270408004522324,0.5687224268913269,-0.470086789727211,360.0
66060288,3177,20788,126,-5.607129771262407,0.05178380012512207,5.613562277062556e-05,1000,0.0001,0.2,0.0073138666,0.607990950345993,-0.006011970047438808,-0.06428119540214539,0.5537344217300415,-0.470086789727211,360.0
66584576,3198,20819,127,-5.520455548539758,0.03736281394958496,0.0006790686513795663,1008,0.0001,0.2,0.0039357543,0.4233037233352661,-0.000127851853676475,-0.056503478437662125,0.551207959651947,-0.470086789727211,360.0
67108864,3218,20849,128,-5.438371041789651,0.04472613334655762,7.467430620522464e-05,1016,0.0001,0.2,0.0054981504,0.8725314140319824,-0.002344246321626997,-0.059106871485710144,0.5420514345169067,-0.470086789727211,360.0
67633152,3239,20875,129,-5.379440667107701,0.03890633583068848,0.0008542592299818352,1024,0.0001,0.2,0.005156247,0.5993638038635254,0.00018689763237489387,-0.053936176002025604,0.540824830532074,-0.470086789727211,360.0
68157440,3261,20899,130,-5.31409265846014,0.04195523262023926,9.70115718530451e-05,1032,0.0001,0.2,0.005748409,0.9161007031798363,-0.001432446720173175,-0.05269623175263405,0.5325510501861572,-0.4156391121447086,360.0
68681728,3281,20929,131,-5.246464192867279,0.04116082191467285,0.00044449619406350394,1040,0.0001,0.2,0.0046683173,0.4455259442329407,-0.00021810814996570116,-0.05289773270487785,0.5298112630844116,-0.4156391121447086,360.0
69206016,3301,20959,132,-5.126782290637493,0.05228877067565918,4.882579258946862e-05,1048,0.0001,0.2,0.0068760463,0.639934629201889,-0.004923967378999805,-0.05828581377863884,0.5168330669403076,-0.4156391121447086,360.0
69730304,3322,20987,133,-5.039423597976565,0.03423166275024414,0.0006539519040416053,1056,0.0001,0.2,0.0038995044,0.5324828922748566,-7.6437979032562e-05,-0.05175649747252464,0.5146768093109131,-0.4156391121447086,360.0
70254592,3342,21015,134,-4.966129830107093,0.04992365837097168,6.915244628658002e-05,1064,0.0001,0.2,0.0058785663,0.8868459761142731,-0.0018366706303822866,-0.052049536257982254,0.5068506002426147,-0.4156391121447086,360.0
70778880,3364,21038,135,-4.911849653348327,0.04627728462219238,0.0008046577122513554,1072,0.0001,0.2,0.004468008,0.6894353032112122,0.0001661757114561624,-0.0483541339635849,0.5057104825973511,-0.32986720934510233,360.0
71303168,3384,21068,136,-4.8911995850503445,0.04008221626281738,0.0005524200673789892,1080,0.0001,0.2,0.0042973123,0.6882663071155548,0.00019110791845378117,-0.04971661791205406,0.5038580894470215,-0.32986720934510233,360.0
71827456,3404,21096,137,-4.781097266823053,0.05163407325744629,5.7153383536956426e-05,1088,0.0001,0.2,0.0066958657,0.8211849927902222,-0.0040186871874539065,-0.055011097341775894,0.4926854074001312,-0.32986720934510233,360.0
72351744,3425,21124,138,-4.711562665179372,0.0341486930847168,0.0007262588449066243,1096,0.0001,0.2,0.00413494,0.37422168254852295,-5.856394307102164e-05,-0.04646389186382294,0.4912877678871155,-0.32986720934510233,360.0
72876032,3445,21151,139,-4.648983366787434,0.05239582061767578,0.00010065886448273886,1104,0.0001,0.2,0.0055485237,0.8967343866825104,-0.000994068232103018,-0.04798439145088196,0.48473620414733887,-0.32986720934510233,360.0
73400320,3465,21178,140,-4.605702925473452,0.03892040252685547,0.0008736466713799018,1112,0.0001,0.2,0.005008907,0.6259910762310028,8.464446318612318e-05,-0.04542910307645798,0.48440006375312805,-0.32986720934510233,360.0
73924608,3487,21199,141,-4.553401058539748,0.04657745361328125,0.00011211341552552767,1120,0.0001,0.2,0.005500635,0.9233599081635475,-0.00098398178329262,-0.04786253720521927,0.47827962040901184,-0.3081580751389265,360.0
74448896,3507,21227,142,-4.4955802243202925,0.044161319732666016,0.000510627025391841,1128,0.0001,0.2,0.005343072,0.6125890016555786,-4.631927254195034e-05,-0.042625196278095245,0.47614336013793945,-0.3081580751389265,360.0
74973184,3527,21255,143,-4.3711204919964075,0.05345606803894043,4.3688739253866515e-05,1136,0.0001,0.2,0.006928098,0.6850956678390503,-0.005210782732092412,-0.0508253276348114,0.46459925174713135,-0.3081580751389265,360.0
75497472,3547,21282,144,-4.305612603202462,0.04530835151672363,0.0007392762645395123,1144,0.0001,0.2,0.0041971416,0.4900388717651367,0.0002626299460644077,-0.042489852756261826,0.46457362174987793,-0.3081580751389265,360.0
76021760,3567,21309,145,-4.252040877938271,0.052817583084106445,0.00015626627559583994,1152,0.0001,0.2,0.0056242524,0.9027514979243279,-0.0012444045980828378,-0.04384738206863403,0.45842626690864563,-0.3081580751389265,360.0
76546048,3587,21334,146,-4.204495241865516,0.04103660583496094,0.0009222337305345718,1160,0.0001,0.2,0.004372156,0.6339584290981293,0.00020499261495388055,-0.04230774566531181,0.45792365074157715,-0.3081580751389265,360.0
77070336,3608,21355,147,-4.14987625926733,0.05250358581542969,7.987056389424652e-05,1168,0.0001,0.2,0.0053499844,0.9316171482205391,-0.0007710451359344006,-0.0441131629049778,0.4523701071739197,-0.24373264981899412,360.0
77594624,3628,21382,148,-4.097303170710802,0.056528568267822266,0.00038543627499620925,1176,0.0001,0.2,0.006011547,0.35118234157562256,0.0003017417986939108,-0.039227765053510666,0.45060452818870544,-0.24373264981899412,360.0
78118912,3648,21409,149,-3.9733329098671675,0.052079200744628906,4.573493848170074e-05,1184,0.0001,0.2,0.0068645664,0.7135904431343079,-0.004870349388511386,-0.04672059416770935,0.4395853579044342,-0.24373264981899412,360.0
78643200,3668,21434,150,-3.9033436933532357,0.054349660873413086,0.0005724062809804309,1192,0.0001,0.2,0.0054341285,0.6318087875843048,0.0004804115419574373,-0.037687573581933975,0.4390057623386383,-0.24373264981899412,360.0
79167488,3688,21460,151,-3.843706339597702,0.056870460510253906,0.00014232868423391665,1200,0.0001,0.2,0.005517604,0.9054571762681007,-0.001169526168723678,-0.03960394486784935,0.432869553565979,-0.24373264981899412,360.0
79691776,3709,21480,152,-3.780740982852876,0.060016632080078125,0.00038749047746478027,1208,0.0001,0.2,0.006361651,0.8652085214853287,0.00019295431729915435,-0.03884705528616905,0.4309646189212799,-0.18607398658525198,360.0
80216064,3729,21507,153,-3.7594292536377907,0.04622364044189453,0.0005765966175204085,1216,0.0001,0.2,0.005384215,0.692922979593277,0.0002586415444056911,-0.03786156699061394,0.4301929771900177,-0.18607398658525198,360.0
80740352,3749,21532,154,-3.666945055127144,0.0600275993347168,3.7984388413292436e-05,1224,0.0001,0.2,0.0068355408,0.62717404961586,-0.0031811240542083397,-0.039793387055397034,0.4218236207962036,-0.18607398658525198,360.0
81264640,3769,21558,155,-3.610330570489168,0.04585576057434082,0.0007249185255204793,1232,0.0001,0.2,0.0056414725,0.38810408115386963,0.0004030192227446605,-0.03644085302948952,0.42157045006752014,-0.18607398658525198,360.0
81788928,3789,21582,156,-3.5623110942542553,0.06545782089233398,9.03335663906546e-05,1240,0.0001,0.2,0.006557779,0.8999149575829506,-0.0007383948245660577,-0.037429068237543106,0.41673481464385986,-0.18607398658525198,360.0
82313216,3809,21605,157,-3.5316389491781592,0.047838687896728516,0.0009051943438862509,1248,0.0001,0.2,0.005202158,0.5977733433246613,0.0004162062582508952,-0.03463807702064514,0.41706523299217224,-0.18607398658525198,360.0
82837504,3831,21622,158,-3.4928958350792527,0.054643869400024414,0.00014652538760628886,1256,0.0001,0.2,0.005379824,0.9264335557818413,-0.000336481128442756,-0.035574764013290405,0.4128939211368561,-0.1203822810202837,360.0
83361792,3850,21647,159,-3.453278929926455,0.050133705139160156,0.00040449873972647765,1264,0.0001,0.2,0.0051664356,0.5546583831310272,0.0004756863495458674,-0.03552205488085747,0.4120679497718811,-0.1203822810202837,360.0
83886080,3870,21671,160,-3.347018700093031,0.058977603912353516,3.488241161164751e-05,1272,0.0001,0.2,0.007169486,0.6957003772258759,-0.004005563190048633,-0.03700586408376694,0.4027620851993561,-0.1203822810202837,360.0
84410368,3890,21696,161,-3.285614020191133,0.051788330078125,0.0007784588535741932,1280,0.0001,0.2,0.0049350043,0.5130071640014648,0.0005123233042922948,-0.032507479190826416,0.40319567918777466,-0.1203822810202837,360.0
84934656,3910,21721,162,-3.235040718689561,0.05288076400756836,6.965201815489763e-05,1288,0.0001,0.2,0.0052361647,0.9179709479212761,-0.0010547455051437282,-0.03535521775484085,0.3979167342185974,-0.1203822810202837,360.0
85458944,3930,21744,163,-3.194535756483674,0.05546927452087402,0.0009776476381375687,1296,0.0001,0.2,0.005359062,0.6475374102592468,0.0006547663751916843,-0.030826158821582794,0.39820876717567444,-0.1203822810202837,360.0
85983232,3951,21761,164,-3.1525516863912344,0.06131458282470703,6.706096719710786e-05,1304,0.0001,0.2,0.007087644,0.9398329369723797,-0.0005148505599663622,-0.03360757231712341,0.3942969739437103,-0.1628579504461959,360.0
86507520,3971,21784,165,-3.1130316834896803,0.051198482513427734,0.00030437840644026437,1312,0.0001,0.2,0.005271699,0.2619550824165344,0.00019442288430582266,-0.02940845862030983,0.3934027850627899,-0.1628579504461959,360.0
87031808,3990,21807,166,-3.0974267972633243,0.0519556999206543,0.0005993961519834556,1320,0.0001,0.2,0.005869827,0.16916310787200928,0.0005764069294400542,-0.030231459066271782,0.39253073930740356,-0.1628579504461959,360.0
87556096,4010,21830,167,-3.05360946059227,0.05331921577453613,0.00014492350777572938,1328,0.0001,0.2,0.005017136,0.8885719180107117,-0.0002595421535716014,-0.031926482915878296,0.38927048444747925,-0.1628579504461959,360.0
88080384,4031,21849,168,-3.025231801904738,0.054178714752197266,0.0008357493334187893,1336,0.0001,0.2,0.0054360945,0.604261189699173,0.000635441763961353,-0.02372724562883377,0.38917386531829834,-0.1628579504461959,360.0
88604672,4052,21862,169,-2.9966615280136466,0.06377220153808594,0.0001654708290743656,1344,0.0001,0.2,0.0067046983,0.9180600270628929,0.00015052459207254287,-0.030019883066415787,0.3865292966365814,-0.07407478909473866,360.0
89128960,4072,21884,170,-2.973571819253266,0.05877971649169922,0.0005416304686605145,1352,0.0001,0.2,0.0050208173,0.6651456952095032,0.0008482251482746506,-0.030046356841921806,0.38651373982429504,-0.07407478909473866,360.0
89653248,4092,21905,171,-2.8695035418495536,0.059697628021240234,3.196278962747101e-05,1360,0.0001,0.2,0.006777905,0.707811564207077,-0.0039412355990862125,-0.03376439958810806,0.37776535749435425,-0.07407478909473866,360.0
90177536,4112,21927,172,-2.804366121068597,0.06099343299865723,0.000863601531364111,1368,0.0001,0.2,0.0050024684,0.4420245289802551,0.0007649276851680042,-0.026259057223796844,0.37722522020339966,-0.07407478909473866,360.0
90701824,4132,21946,173,-2.757909409701824,0.05772733688354492,6.13448344211065e-05,1376,0.0001,0.2,0.0060286666,0.9081419482827187,-0.0002283674834870908,-0.026736769825220108,0.37372449040412903,-0.07407478909473866,360.0
91226112,4153,21965,174,-2.7372606368735433,0.05256843566894531,0.0009366051706365397,1384,0.0001,0.2,0.005252789,0.6235777735710144,0.0006426735026252572,-0.027608511969447136,0.37469443678855896,-0.07407478909473866,360.0
91750400,4174,21978,175,-2.706836484372616,0.05610036849975586,7.414582334774877e-05,1392,0.0001,0.2,0.00519034,0.9335950091481209,-0.00015657485778319824,-0.028240839019417763,0.371586412191391,-0.061529615374747666,360.0
92274688,4194,21998,176,-2.675511403940618,0.059577226638793945,0.0003853888638332137,1400,0.0001,0.2,0.0061904388,0.4180622100830078,0.0007173573853833659,-0.026017747819423676,0.3712015450000763,-0.061529615374747666,360.0
92798976,4214,22017,177,-2.5712754847481847,0.06096339225769043,3.3159346621403074e-05,1408,0.0001,0.2,0.007049871,0.7283166348934174,-0.003957472717956989,-0.032102927565574646,0.36316367983818054,-0.061529615374747666,360.0
93323264,4235,22033,178,-2.51862417999655,0.06284046173095703,0.0007447057573699567,1416,0.0001,0.2,0.006642799,0.5646498501300812,0.0008083949401225254,-0.025255834683775902,0.36354073882102966,-0.061529615374747666,360.0
93847552,4255,22050,179,-2.479958686977625,0.06622910499572754,7.642053725476217e-05,1424,0.0001,0.2,0.006392055,0.9162222370505333,-2.9537364753196016e-05,-0.02675149403512478,0.35983818769454956,-0.061529615374747666,360.0
94371840,4277,22060,180,-2.453752763569355,0.06546831130981445,0.0009082045155537344,1432,0.0001,0.2,0.0054245135,0.7144697904586792,0.0008859376215468728,-0.023382849991321564,0.36055880784988403,-0.04647063231095672,360.0
94896128,4297,22079,181,-2.4603571416810155,0.05614900588989258,0.0005205875925184955,1440,0.0001,0.2,0.0051910253,0.7418259084224701,0.0008337979886618996,-0.020693711936473846,0.3608267903327942,-0.04647063231095672,360.0
95420416,4317,22098,182,-2.3954449854791164,0.06113576889038086,4.384112166633258e-05,1448,0.0001,0.2,0.005792381,0.8182227164506912,-0.0013136734917225112,-0.02613118477165699,0.355381578207016,-0.04647063231095672,360.0
95944704,4338,22116,183,-2.3486291356384754,0.051932334899902344,0.000739297388236082,1456,0.0001,0.2,0.005655273,0.3630720376968384,0.0005663706604082108,-0.019380398094654083,0.35539788007736206,-0.04647063231095672,360.0
96468992,4357,22136,184,-2.3319532284369835,0.07431311974158654,0.0001723856348969723,1461,0.0001,0.2,0.02939999,0.914525493979454,0.0011380921816453338,-0.0029626747127622366,0.3537066578865051,-0.04647063231095672,360.0
96993280,4378,22153,185,-2.316389069892466,0.06839942932128906,0.0008716498061858147,1469,0.0001,0.2,0.0046314723,0.6234633028507233,0.0009750080453159171,-0.02359749935567379,0.35414350032806396,-0.04647063231095672,360.0
97517568,4399,22165,186,-2.2956127282232046,0.0682535171508789,0.00010542251209244569,1477,0.0001,0.2,0.0068203057,0.9294055849313736,0.0005789893407381896,-0.024323726072907448,0.3521890938282013,-0.014345027278177441,360.0
98041856,4419,22183,187,-2.2744858972728252,0.07474207878112793,0.00042637659737465583,1485,0.0001,0.2,0.0068388595,0.6380939185619354,0.0011956093567278003,-0.022062649950385094,0.3520101010799408,-0.014345027278177441,360.0
98566144,4440,22199,188,-2.169512235559523,0.06569766998291016,4.0284389370981444e-05,1493,0.0001,0.2,0.007501959,0.6519568264484406,-0.0038427589856837585,-0.025294531136751175,0.3442879617214203,-0.014345027278177441,360.0
99090432,4460,22214,189,-2.119633403606713,0.0663447380065918,0.0007905849786311592,1501,0.0001,0.2,0.0054236124,0.4886466860771179,0.0011027979960545053,-0.021290667355060577,0.34481388330459595,-0.014345027278177441,360.0
99614720,4481,22228,190,-2.0853216350078583,0.08043503761291504,6.345498680104811e-05,1509,0.0001,0.2,0.0063186632,0.9173333644866943,0.0004318155995406414,-0.02123144455254078,0.34183481335639954,-0.014345027278177441,360.0
100139008,4501,22243,191,-2.055531870573759,0.06691145896911621,0.0010755381822491472,1517,0.0001,0.2,0.005578433,0.644243597984314,0.0011433974648298317,-0.020758969709277153,0.3422837555408478,-0.014345027278177441,360.0
100663296,4522,22257,192,-2.0377750359475613,0.06993389129638672,8.37805589810614e-05,1525,0.0001,0.2,0.005653207,0.9414419457316399,0.0004963875348948932,-0.01912015862762928,0.3404310643672943,-0.05722761960700154,360.0
101187584,4542,22275,193,-2.0132598830386996,0.06397080421447754,0.000348498077187287,1533,0.0001,0.2,0.0053393533,0.2504298686981201,0.0007317212025554909,-0.019372321665287018,0.34004077315330505,-0.05722761960700154,360.0
101711872,4562,22292,194,-1.9100275146774948,0.06924319267272949,3.7217730849192776e-05,1541,0.0001,0.2,0.007201803,0.7184647917747498,-0.003373908722323904,-0.025065749883651733,0.3327666223049164,-0.05722761960700154,360.0
102236160,4583,22306,195,-1.8515189541503787,0.06666207313537598,0.0006065359330023057,1549,0.0001,0.2,0.006229946,0.6348000168800354,0.0008368586641154252,-0.017804184928536415,0.3328784704208374,-0.05722761960700154,360.0
102760448,4603,22322,196,-1.8094657571054995,0.07150435447692871,5.4390885566135694e-05,1557,0.0001,0.2,0.006999398,0.9202419146895409,-0.0003038786992419773,-0.01896696910262108,0.32969725131988525,-0.05722761960700154,360.0
103284736,4624,22333,197,-1.7767333551310003,0.0733184814453125,0.00038897897104561707,1565,0.0001,0.2,0.0067033917,0.8754980191588402,0.0006536034691180248,-0.01730651967227459,0.32967984676361084,0.027934010236058383,360.0
103809024,4644,22350,198,-1.777919232379645,0.07009696960449219,0.0005877208072888607,1573,0.0001,0.2,0.0054006204,0.7104417681694031,0.0011290426066352666,-0.017839057371020317,0.3300350308418274,0.027934010236058383,360.0
104333312,4664,22368,199,-1.7043681698851287,0.07049703598022461,3.999340637506066e-05,1581,0.0001,0.2,0.006645765,0.6808553636074066,-0.001516305266704876,-0.01916610077023506,0.32446157932281494,0.027934010236058383,360.0
104857600,4683,22387,200,-1.6566571644507349,0.06237387657165527,0.000787714634952863,1589,0.0001,0.2,0.006661106,0.379554808139801,0.0008983560144315561,-0.016802078112959862,0.3245934844017029,0.027934010236058383,360.0
