time/fps,time/total_timesteps,time/time_elapsed,time/iterations,train/n_updates,train/loss,train/learning_rate,train/clip_range,train/explained_variance,train/value_loss,train/clip_fraction,train/policy_gradient_loss,train/std,train/entropy_loss,train/approx_kl,rollout/ep_rew_mean,rollout/ep_len_mean
26424,524288,19,1,,,,,,,,,,,,,
24182,1048576,43,2,8,0.1262747198343277,0.0001,0.2,-0.09786319732666016,1.769594933546614,0.06458640098571777,-0.005508491786144987,0.9949402809143066,-8.487272604368627,0.0064325063,,
23657,1572864,66,3,16,-0.011661847122013569,0.0001,0.2,0.4292373061180115,0.14975871153001208,0.13434338569641113,-0.013851735514094798,0.9872109293937683,-8.43933911062777,0.009690249,,
23379,2097152,89,4,24,-0.028396738693118095,0.0001,0.2,0.8428234905004501,0.03360873854671809,0.19870305061340332,-0.021563465536132753,0.9793514013290405,-8.391963502392173,0.013113618,,
23272,2621440,112,5,32,-0.011099445633590221,0.0001,0.2,0.6845937669277191,0.08967066464902018,0.13319087028503418,-0.011610167439584984,0.9722477793693542,-8.347570090554655,0.009586397,,
22953,3145728,137,6,40,-0.03451782464981079,0.0001,0.2,0.9129260778427124,0.01848074665394961,0.22659063339233398,-0.024831210864476816,0.9652883410453796,-8.3042994257994,0.014912163,-0.40827416740357875,360.0
22917,3670016,160,7,48,-0.012380849570035934,0.0001,0.2,0.6997610628604889,0.08946039182774257,0.14118027687072754,-0.011578001639577451,0.9567089080810547,-8.249134941957891,0.0101679955,-0.40827416740357875,360.0
22795,4194304,184,8,56,-0.030142271891236305,0.0001,0.2,0.9216744229197502,0.017866030794721155,0.2244858741760254,-0.02555823398552093,0.9476574659347534,-8.19267006451264,0.015056921,-0.40827416740357875,360.0
22637,4718592,208,9,64,-0.013207257725298405,0.0001,0.2,0.6682576537132263,0.08266721484687878,0.11697506904602051,-0.009737819373981438,0.9381043314933777,-8.130097253713757,0.0089840945,-0.40827416740357875,360.0
22447,5242880,233,10,72,-0.025906896218657494,0.0001,0.2,0.9188775569200516,0.016801506419142243,0.20067501068115234,-0.022756502241009002,0.9265017509460449,-8.052307755220681,0.013929372,-0.40827416740357875,360.0
22254,5767168,259,11,80,-0.011546295136213303,0.0001,0.2,0.6731981933116913,0.06612257913548092,0.10436797142028809,-0.008653032941992933,0.9167329668998718,-7.985425311839208,0.008485009,-0.40827416740357875,360.0
22002,6291456,285,12,88,-0.02436620369553566,0.0001,0.2,0.9176899716258049,0.01445226653595455,0.1759018898010254,-0.019826502555361003,0.9040250182151794,-7.897101907758042,0.012778632,0.04580247125821188,360.0
21844,6815744,312,13,96,-0.012014668434858322,0.0001,0.2,0.6358719170093536,0.06502995415576152,0.08789563179016113,-0.006517056906602647,0.8938062191009521,-7.826474359026179,0.007774349,0.04580247125821188,360.0
21678,7340032,338,14,104,-0.030494514852762222,0.0001,0.2,0.9052185788750648,0.012610044343091431,0.16103649139404297,-0.017985214010195705,0.8802112340927124,-7.726779414573684,0.012151422,0.04580247125821188,360.0
21283,7864320,369,15,112,-0.013608461245894432,0.0001,0.2,0.7608339190483093,0.030483050039038062,0.1078653335571289,-0.008947338613211286,0.8673413991928101,-7.633824705844745,0.009078454,0.04580247125821188,360.0
20938,8388608,400,16,120,-0.019239649176597595,0.0001,0.2,0.912810318171978,0.009350169652407203,0.15053915977478027,-0.016616182555708292,0.8522720336914062,-7.517808898119256,0.011979349,0.04580247125821188,360.0
20625,8912896,432,17,128,-0.017910661175847054,0.0001,0.2,0.8956241309642792,0.01044384794022335,0.1333322525024414,-0.012906245412978024,0.837600588798523,-7.402341627050191,0.011182958,0.3357887624204159,360.0
20395,9437184,462,18,136,-0.00637749582529068,0.0001,0.2,0.49697238206863403,0.03533419912582758,0.06312394142150879,-0.00428057479234667,0.826744019985199,-7.317245507147163,0.0065302076,0.3357887624204159,360.0
20182,9961472,493,19,144,-0.025565769523382187,0.0001,0.2,0.8762736395001411,0.005838265224838324,0.13411474227905273,-0.013996588135910315,0.8100918531417847,-7.183590039610863,0.011363587,0.3357887624204159,360.0
19987,10485760,524,20,152,-0.016089214012026787,0.0001,0.2,0.5705075562000275,0.014666581576420867,0.08133673667907715,-0.006238771992457259,0.7974494695663452,-7.077312290202826,0.0078592785,0.3357887624204159,360.0
19817,11010048,555,21,160,-0.0243062786757946,0.0001,0.2,0.8397868424654007,0.004703976911514474,0.13394713401794434,-0.014114762786903157,0.781967043876648,-6.941052360692993,0.011496202,0.3357887624204159,360.0
19696,11534336,585,22,168,-0.016713522374629974,0.0001,0.2,0.557595819234848,0.008716462851680262,0.0899050235748291,-0.007255432612055301,0.7696049213409424,-6.830061502521858,0.0085117025,0.3357887624204159,360.0
19545,12058624,616,23,176,-0.02063509076833725,0.0001,0.2,0.8176015615463257,0.0030940826193273097,0.13333868980407715,-0.01378344191391534,0.7542165517807007,-6.688881890149787,0.0116535835,0.549337267279625,360.0
19419,12582912,647,24,184,-0.005506244022399187,0.0001,0.2,0.23642462491989136,0.01938698111280246,0.05971264839172363,-0.0033196649092133157,0.7450124621391296,-6.60165541479364,0.0063299946,0.549337267279625,360.0
19326,13107200,678,25,192,-0.023270847275853157,0.0001,0.2,0.7514996975660324,0.002638212669467066,0.13048863410949707,-0.013159718245105978,0.73094242811203,-6.467008322710171,0.011181768,0.549337267279625,360.0
19247,13631488,708,26,200,-0.013009407557547092,0.0001,0.2,0.5391127169132233,0.0037804345602125977,0.09583115577697754,-0.007861237470820015,0.7179393768310547,-6.336964821908623,0.009125663,0.549337267279625,360.0
19168,14155776,738,27,208,-0.01559795904904604,0.0001,0.2,0.709144115447998,0.0020098298031712147,0.12198567390441895,-0.01190093242689727,0.7035598158836365,-6.189162350725383,0.010947469,0.549337267279625,360.0
19095,14680064,768,28,216,-0.007657155394554138,0.0001,0.2,0.5356529653072357,0.0026019841038760205,0.0996699333190918,-0.008047792126603781,0.6906819343566895,-6.056259768549353,0.009328506,0.549337267279625,360.0
19009,15204352,799,29,224,-0.02174868807196617,0.0001,0.2,0.7047820389270782,0.0012991913948781075,0.12903738021850586,-0.012576921759318793,0.6759955286979675,-5.896819934947416,0.011419876,0.6808520346879959,360.0
18954,15728640,829,30,232,-0.0071938480250537395,0.0001,0.2,0.2537204623222351,0.008435037412937163,0.0714561939239502,-0.003034687504680278,0.6670054793357849,-5.796648250427097,0.007269158,0.6808520346879959,360.0
18902,16252928,859,31,240,-0.010768250562250614,0.0001,0.2,0.2787957191467285,0.0025416123459081064,0.09813237190246582,-0.00688702891596904,0.655331552028656,-5.664780019316822,0.009314179,0.6808520346879959,360.0
18865,16777216,889,32,248,-0.015976538881659508,0.0001,0.2,0.5834004878997803,0.0009969451614040281,0.1190495491027832,-0.01079164460031734,0.641549825668335,-5.502673599636182,0.010784356,0.6808520346879959,360.0
18823,17301504,919,33,256,-0.011230595409870148,0.0001,0.2,0.2794438600540161,0.0020096191128118335,0.08915185928344727,-0.006201976175589152,0.6306357979774475,-5.372064350405708,0.008793683,0.6808520346879959,360.0
18766,17825792,949,34,264,-0.021239930763840675,0.0001,0.2,0.4896271824836731,0.0007026768269611239,0.1310572624206543,-0.012494656448097885,0.6168565154075623,-5.205915932543576,0.011451803,0.7749800568819046,360.0
18734,18350080,979,35,272,-0.007151515688747168,0.0001,0.2,0.02886784076690674,0.009293503072058229,0.05440568923950195,-0.0018493277027005206,0.6103953719139099,-5.122167232679203,0.0058847005,0.7749800568819046,360.0
18706,18874368,1008,36,280,-0.020302338525652885,0.0001,0.2,0.3509642481803894,0.0005721274575307689,0.1309041976928711,-0.0119768756223948,0.5977756381034851,-4.967026426689699,0.011357218,0.7749800568819046,360.0
18681,19398656,1038,37,288,-0.0137923089787364,0.0001,0.2,0.23975002765655518,0.001021002667812354,0.1005854606628418,-0.006957298772704235,0.5868251323699951,-4.823493899777532,0.009566488,0.7749800568819046,360.0
18659,19922944,1067,38,296,-0.015594984404742718,0.0001,0.2,0.31933921575546265,0.0005334961488472345,0.12310385704040527,-0.010607626799014724,0.5744938850402832,-4.658709388459101,0.010976859,0.7749800568819046,360.0
18634,20447232,1097,39,304,-0.009625658392906189,0.0001,0.2,0.2456997036933899,0.0008696990158512108,0.10147690773010254,-0.006401678872862249,0.5634588599205017,-4.512964838650078,0.00953901,0.7749800568819046,360.0
18602,20971520,1127,40,312,-0.01553004328161478,0.0001,0.2,0.3427577614784241,0.0003720026907387819,0.13110923767089844,-0.011495313313730549,0.5516294240951538,-4.346314003458247,0.011291502,0.831537749171257,360.0
18583,21495808,1156,41,320,-0.0034954454749822617,0.0001,0.2,0.08204442262649536,0.00631790160014134,0.057892799377441406,-0.001305403912510883,0.5460970401763916,-4.268482225714251,0.006049804,0.831537749171257,360.0
18567,22020096,1185,42,328,-0.01826993003487587,0.0001,0.2,0.2277734875679016,0.0003429138085664363,0.12141013145446777,-0.009824883260989736,0.5351090431213379,-4.111745441099629,0.010886582,0.831537749171257,360.0
18553,22544384,1215,43,336,-0.00763416662812233,0.0001,0.2,0.22348648309707642,0.0007508424013451531,0.09595274925231934,-0.005144898673734133,0.5251939296722412,-3.968683420214802,0.009163009,0.831537749171257,360.0
18543,23068672,1244,44,344,-0.016629939898848534,0.0001,0.2,0.2994229197502136,0.0003003385860012031,0.1238555908203125,-0.010005954450718946,0.5141944885253906,-3.799351408961229,0.01098876,0.831537749171257,360.0
18517,23592960,1274,45,352,-0.0066098496317863464,0.0001,0.2,0.2802252173423767,0.0006658891767017394,0.10039806365966797,-0.004795833482148737,0.5055682063102722,-3.6658360718283802,0.0093411375,0.8795320451259613,360.0
18505,24117248,1303,46,360,-0.00826298538595438,0.0001,0.2,0.012032806873321533,0.005259109856297073,0.05927252769470215,-0.0008684243141487968,0.5016316771507263,-3.5961278297472745,0.0059073614,0.8795320451259613,360.0
18501,24641536,1331,47,368,-0.014357570558786392,0.0001,0.2,0.8198246210813522,0.00021696945095328601,0.1129150390625,-0.0079687800085253,0.4911399781703949,-3.4445990930544212,0.010449372,0.8795320451259613,360.0
18496,25165824,1360,48,376,-0.006074837408959866,0.0001,0.2,0.20528465509414673,0.0009459346684081993,0.08277034759521484,-0.0027408817454670498,0.4839739203453064,-3.3229114884743467,0.008070326,0.8795320451259613,360.0
18491,25690112,1389,49,384,-0.010001413524150848,0.0001,0.2,0.3319287896156311,0.00021040608388034343,0.12234115600585938,-0.008988893070352333,0.47333964705467224,-3.15548929432407,0.010906872,0.8795320451259613,360.0
18491,26214400,1417,50,392,-0.0045297471806406975,0.0001,0.2,0.22982120513916016,0.000846991995672397,0.08521175384521484,-0.0026309657904448613,0.467026948928833,-3.0472058401210234,0.007960681,0.8795320451259613,360.0
18470,26738688,1447,51,400,-0.014460792765021324,0.0001,0.2,0.4026908874511719,0.0001653687703679907,0.1266946792602539,-0.009469392899632112,0.45711982250213623,-2.878239311859943,0.011065708,0.9085385823249816,360.0
18467,27262976,1476,52,408,-0.0060448115691542625,0.0001,0.2,0.13336968421936035,0.0044115319579987045,0.06702160835266113,-0.0004535197262498514,0.45436644554138184,-2.8191116836387664,0.0062196245,0.9085385823249816,360.0
18465,27787264,1504,53,416,-0.012155523523688316,0.0001,0.2,0.24228405952453613,0.00016002937408643447,0.12189793586730957,-0.008392044252559572,0.4459235370159149,-2.6718519690912217,0.010599088,0.9085385823249816,360.0
18461,28311552,1533,54,424,-0.002354215132072568,0.0001,0.2,0.2308477759361267,0.0006437114347193074,0.08790779113769531,-0.0024063562972855834,0.43998366594314575,-2.564068413921632,0.008178153,0.9085385823249816,360.0
18460,28835840,1562,55,432,-0.013269934803247452,0.0001,0.2,0.3761668801307678,0.00015761923183532645,0.12014126777648926,-0.007820120348128512,0.4311264157295227,-2.4053675145842135,0.010665979,0.9085385823249816,360.0
18458,29360128,1590,56,440,-0.0018590916879475117,0.0001,0.2,0.252547025680542,0.0006508460190559617,0.09303665161132812,-0.0022932470111527437,0.42468345165252686,-2.2945955832256004,0.008392907,0.9085385823249816,360.0
18444,29884416,1620,57,448,-0.011930836364626884,0.0001,0.2,0.46080493927001953,0.0001185573794053596,0.12918591499328613,-0.008883903146738703,0.41616249084472656,-2.1344431223114952,0.010883159,0.9324167919158936,360.0
18443,30408704,1648,58,456,-0.005310164298862219,0.0001,0.2,0.1269497275352478,0.005546414069613093,0.07350969314575195,4.304596535575911e-05,0.4139062166213989,-2.0834104702807963,0.006381209,0.9324167919158936,360.0
18442,30932992,1677,59,464,-0.0030853464268147945,0.0001,0.2,0.2812258005142212,0.00011826608611897882,0.12230181694030762,-0.007355787140340908,0.40603816509246826,-1.9415797060355544,0.010366175,0.9324167919158936,360.0
18443,31457280,1705,60,472,-0.0016629815800115466,0.0001,0.2,0.25995755195617676,0.000575129201607183,0.10456466674804688,-0.002019601234167112,0.4003109335899353,-1.8322362347389571,0.009126961,0.9324167919158936,360.0
18443,31981568,1734,61,480,-0.015394539572298527,0.0001,0.2,0.4080098867416382,0.00010851474083395374,0.13075613975524902,-0.008367297724134914,0.3920142650604248,-1.672697267262265,0.011093422,0.9324167919158936,360.0
18430,32505856,1763,62,488,-0.0023258370347321033,0.0001,0.2,0.5429151654243469,0.00019954031429136876,0.13232016563415527,-0.004795214522800961,0.38518762588500977,-1.536434094188735,0.010959687,0.9498800945281982,360.0
18431,33030144,1792,63,496,-0.006428400054574013,0.0001,0.2,0.13056397438049316,0.005424550312000065,0.07662391662597656,0.00013965253907599617,0.3834556043148041,-1.4857366259093396,0.006578763,0.9498800945281982,360.0
18439,33554432,1819,64,503,-0.004769885912537575,0.0001,0.2,0.25377774238586426,9.322494282095995e-05,0.12646484375,-0.0072019515676341374,0.37620019912719727,-1.3476519633462707,0.010984491,0.9498800945281982,360.0
18440,34078720,1848,65,511,-0.0016356597188860178,0.0001,0.2,0.20542258024215698,0.0007036258278105834,0.09435725212097168,-0.0011498102313112213,0.37194427847862244,-1.2597840145463124,0.008130327,0.9498800945281982,360.0
18442,34603008,1876,66,519,-0.008529992774128914,0.0001,0.2,0.3646368980407715,0.00010281638434861406,0.12778067588806152,-0.007212557225614091,0.364712119102478,-1.112057055637706,0.010697134,0.9498800945281982,360.0
18444,35127296,1904,67,527,-0.0023609050549566746,0.0001,0.2,0.23374158143997192,0.000654926211637985,0.09783744812011719,-0.0009732169644394162,0.3614858090877533,-1.032083595986478,0.008288726,0.9498800945281982,360.0
18434,35651584,1933,68,535,-0.007779460400342941,0.0001,0.2,0.45356303453445435,8.483897189037748e-05,0.13327980041503906,-0.0077040118728746165,0.35461974143981934,-0.8852667041064706,0.011067607,0.965460660457611,360.0
18435,36175872,1962,69,543,0.0060464381240308285,0.0001,0.2,0.1031830906867981,0.005531831245889407,0.08284425735473633,0.0007444204665034704,0.35325461626052856,-0.8442412596195936,0.006819238,0.965460660457611,360.0
18439,36700160,1990,70,551,-0.003913390450179577,0.0001,0.2,-0.016422390937805176,9.720208129238017e-05,0.12644052505493164,-0.005894280004667962,0.34799128770828247,-0.72988600860117,0.010270867,0.965460660457611,360.0
18445,37224448,2018,71,559,-9.401966963196173e-05,0.0001,0.2,0.2078292965888977,0.0006524130638467796,0.09694433212280273,-0.00044635379578039647,0.3448590040206909,-0.6615998096531257,0.007808998,0.965460660457611,360.0
18446,37748736,2046,72,567,-0.004360290244221687,0.0001,0.2,0.37395840883255005,9.082062100063126e-05,0.13024568557739258,-0.006516764047376,0.3388477563858032,-0.5267391793895513,0.010651844,0.965460660457611,360.0
18448,38273024,2074,73,575,-0.007458268199115992,0.0001,0.2,0.2332773208618164,0.0006602428822475304,0.10295701026916504,-0.0003390988902083336,0.3358471393585205,-0.4507439792796504,0.0085589085,0.965460660457611,360.0
18485,38797312,2098,74,576,0.09401798248291016,0.0001,0.2,0.4850780963897705,7.842392670242072e-05,0.10201410284624413,-0.0040976560222063686,0.3317646384239197,-0.3875930799005177,0.008165159,0.9761503249406814,360.0
18488,39321600,2126,75,584,-0.008428317494690418,0.0001,0.2,0.3682980537414551,0.0035226345809178383,0.14389896392822266,-0.0028130553960181715,0.32392245531082153,-0.2546075526624918,0.010982336,0.9761503249406814,360.0
18490,39845888,2154,76,592,-0.023328280076384544,0.0001,0.2,0.06421428918838501,0.0005216994220376137,0.20860075950622559,-0.015915001506414228,0.3116959035396576,-0.0884539955004584,0.015676202,0.9761503249406814,360.0
18531,40370176,2178,77,594,-0.016541527584195137,0.0001,0.2,0.47568225860595703,0.00040584358270280064,0.15888802083333334,-0.013365939545134703,0.3009779453277588,0.027322393894195558,0.013500479,0.9761503249406814,360.0
18531,40894464,2206,78,602,0.00013610291352961212,0.0001,0.2,0.11940217018127441,0.0016732793669689272,0.1380453109741211,-0.0046748795535336285,0.2932218909263611,0.1890993322012946,0.010854129,0.9761503249406814,360.0
18525,41418752,2235,79,610,-0.023987451568245888,0.0001,0.2,0.47172969579696655,0.00015557006369225641,0.2542434909039047,-0.025183210854747277,0.28099408745765686,0.38770042105934927,0.019091845,0.7731517171859741,360.0
18528,41943040,2263,80,618,0.0036611531395465136,0.0001,0.2,0.18772780895233154,0.0054184396813070634,0.11188530921936035,-0.0006870260419873375,0.27615395188331604,0.478607103752438,0.008767342,0.7731517171859741,360.0
18530,42467328,2291,81,626,-0.021692626178264618,0.0001,0.2,0.4740978479385376,0.00013149191708450303,0.23679423332214355,-0.021850358378742385,0.2653990089893341,0.6657234622107353,0.017722365,0.7731517171859741,360.0
18533,42991616,2319,82,634,-0.00510287843644619,0.0001,0.2,0.2011275291442871,0.0015022733921910003,0.1338939666748047,-0.003020415850500058,0.2592693567276001,0.7822297927632462,0.010229253,0.7731517171859741,360.0
18535,43515904,2347,83,642,-0.019536413252353668,0.0001,0.2,0.6254459619522095,0.00014800949639237615,0.2264254093170166,-0.020233168605614082,0.24955081939697266,0.9716379905876238,0.01646694,0.7731517171859741,360.0
18541,44040192,2375,84,650,-0.006529451813548803,0.0001,0.2,0.24529343843460083,0.0014707085118743635,0.13330698013305664,-0.002762726575610941,0.24421405792236328,1.0857801505189855,0.010244528,0.7731517171859741,360.0
18537,44564480,2403,85,658,-0.01297520101070404,0.0001,0.2,0.6569871008396149,0.00016433815994076895,0.20501041412353516,-0.01633400548598729,0.23580452799797058,1.264132926997263,0.01483927,0.8483464109897614,360.0
18539,45088768,2431,86,666,0.001894931891001761,0.0001,0.2,0.12103205919265747,0.008304038808091718,0.09981656074523926,0.00047176260238757095,0.2336568534374237,1.3237770294654183,0.007913128,0.8483464109897614,360.0
18542,45613056,2459,87,674,-0.01291727926582098,0.0001,0.2,0.4266730546951294,0.00020456299185411808,0.17560696601867676,-0.011317094318314957,0.22676360607147217,1.4747556463698857,0.013542388,0.8483464109897614,360.0
18543,46137344,2488,88,682,-0.001581593882292509,0.0001,0.2,0.2538701891899109,0.0013944576406288434,0.13061046600341797,-0.001453642885849149,0.22248606383800507,1.5770370606915094,0.010093359,0.8483464109897614,360.0
18549,46661632,2515,89,690,-0.012478189542889595,0.0001,0.2,0.6105676889419556,0.00020526310478174992,0.1777803897857666,-0.011500230271735745,0.2154882848262787,1.7450689650140703,0.013257262,0.8483464109897614,360.0
18569,47185920,2541,90,693,-0.0040649790316820145,0.0001,0.2,0.31991761922836304,0.0012737066087367555,0.13203683795980928,-0.000855633212609993,0.21167603135108948,1.8336456877659062,0.011051526,0.8981096625328064,360.0
18569,47710208,2569,91,701,0.00389397912658751,0.0001,0.2,0.021415650844573975,0.01021401254047305,0.09982895851135254,0.0010721922335505951,0.21000632643699646,1.8975544843124226,0.007674856,0.8981096625328064,360.0
18571,48234496,2597,92,709,-0.005141632631421089,0.0001,0.2,0.7991488724946976,0.00022630666150291745,0.14293384552001953,-0.004137412211377978,0.20516100525856018,2.0175507506355643,0.011240631,0.8981096625328064,360.0
18572,48758784,2625,93,717,-0.0007426513475365937,0.0001,0.2,0.24014627933502197,0.0018205107768380913,0.11914634704589844,-0.00024981030236403967,0.20198917388916016,2.1096210557734594,0.0091656,0.8981096625328064,360.0
18575,49283072,2653,94,725,-0.008331887423992157,0.0001,0.2,0.657018631696701,0.00021130251215595308,0.1665651798248291,-0.00929130683874746,0.19634321331977844,2.2660067967372015,0.012688439,0.8981096625328064,360.0
18577,49807360,2681,95,733,0.001123017747886479,0.0001,0.2,0.29503148794174194,0.0016122003114560357,0.12704849243164062,-0.0007417187071041553,0.1931690275669098,2.357361385715194,0.009732617,0.8981096625328064,360.0
18571,50331648,2710,96,741,-0.006250312086194754,0.0001,0.2,0.7000031173229218,0.00019832273265762979,0.16788816452026367,-0.009246962689189786,0.18786799907684326,2.512345348019153,0.012582531,0.9268785279989242,360.0
18572,50855936,2738,97,749,0.002225405303761363,0.0001,0.2,0.10847383737564087,0.008498452566755077,0.10599684715270996,0.0012672613887616535,0.18641474843025208,2.5658332651946694,0.008504551,0.9268785279989242,360.0
18610,51380224,2760,98,750,-0.001964141149073839,0.0001,0.2,0.5547860860824585,0.00029297642267229557,0.12274401700949367,-0.0035115646130605776,0.18390962481498718,2.613486229618893,0.009371617,0.9268785279989242,360.0
18612,51904512,2788,99,758,0.006353163160383701,0.0001,0.2,0.3077663779258728,0.0013373514553904897,0.12264227867126465,-0.0004065044975618548,0.18114927411079407,2.7257598268333822,0.0097898375,0.9268785279989242,360.0
18631,52428800,2814,100,763,-0.0048613715916872025,0.0001,0.2,0.7043318152427673,0.00021368944112413842,0.15120071861814346,-0.006990363971302718,0.17660725116729736,2.8592717355816677,0.011722711,0.9268785279989242,360.0
18632,52953088,2841,101,771,0.004571530502289534,0.0001,0.2,0.3672794699668884,0.0013081999654787069,0.12638282775878906,-0.00020593022867387845,0.1741131991147995,2.9490625981707126,0.0097365575,0.9268785279989242,360.0
18650,53477376,2867,102,774,0.004567804280668497,0.0001,0.2,0.7722238004207611,0.00018651880160527236,0.14748714468573446,-0.006406244613680104,0.16978304088115692,3.072416339553682,0.012229436,0.9512883025407791,360.0
18681,54001664,2890,103,776,0.00978254247456789,0.0001,0.2,0.09498953819274902,0.01095896732272967,0.10722287735849056,0.0027388181800971616,0.16913840174674988,3.119010363884692,0.010963554,0.9512883025407791,360.0
18711,54525952,2913,104,778,-0.004488388076424599,0.0001,0.2,0.7067894637584686,0.00021168445948883434,0.1326617072610294,-0.004708052323229483,0.1655513346195221,3.210852516048095,0.010992638,0.9512883025407791,360.0
18712,55050240,2941,105,786,0.004915169905871153,0.0001,0.2,0.4138634204864502,0.0012096367017306875,0.1429765224456787,0.0002396673468751942,0.163422629237175,3.3233044772641733,0.011205113,0.9512883025407791,360.0
18714,55574528,2969,106,794,-7.123554678400978e-05,0.0001,0.2,0.8068442344665527,0.00016428404276780384,0.16232562065124512,-0.007603953679961251,0.1593761444091797,3.468320943764411,0.01224507,0.9512883025407791,360.0
18708,56098816,2998,107,802,-0.00039736670441925526,0.0001,0.2,0.7414790689945221,0.00037112609411593667,0.17067599296569824,-0.002885134676319012,0.1559998095035553,3.5901768231997266,0.012629335,0.970381492972374,360.0
18708,56623104,3026,108,810,0.00481090322136879,0.0001,0.2,0.13720697164535522,0.010794075732064812,0.11420321464538574,0.001964117044565228,0.1552782952785492,3.6299533949932083,0.008932331,0.970381492972374,360.0
18710,57147392,3054,109,818,-0.00956573337316513,0.0001,0.2,0.7473509609699249,0.00016796234257299147,0.1584174633026123,-0.006003251800223097,0.15192656219005585,3.756747559993528,0.012305011,0.970381492972374,360.0
18715,57671680,3081,110,826,0.0031307023018598557,0.0001,0.2,0.3239060044288635,0.001467723558846501,0.1273953914642334,0.0009103096599005767,0.15044042468070984,3.8209937318461016,0.009708531,0.970381492972374,360.0
18717,58195968,3109,111,834,0.0038496917113661766,0.0001,0.2,0.7856708317995071,0.00016418904304060788,0.16112327575683594,-0.006264912296956027,0.14696821570396423,3.9565478259464726,0.012143858,0.970381492972374,360.0
18718,58720256,3136,112,842,0.0014998376136645675,0.0001,0.2,0.36624205112457275,0.0013784083897689925,0.13306546211242676,0.0008024307711025358,0.14556744694709778,4.022371373604983,0.010187245,0.970381492972374,360.0
18713,59244544,3165,113,850,0.0009583060164004564,0.0001,0.2,0.815144270658493,0.00014796947725415066,0.1631622314453125,-0.006583203457523723,0.14231149852275848,4.154187354957685,0.012206364,0.9855075496435165,360.0
18715,59768832,3193,114,858,0.00460439408197999,0.0001,0.2,0.07920050621032715,0.010772081711820647,0.11673283576965332,0.0020725902254525863,0.14168547093868256,4.192644205642864,0.009114444,0.9855075496435165,360.0
18718,60293120,3221,115,866,0.003901253454387188,0.0001,0.2,0.7083297371864319,0.00018037806904658282,0.15254831314086914,-0.0047159406466334985,0.1390746533870697,4.2995960579719394,0.0112992935,0.9855075496435165,360.0
18719,60817408,3248,116,874,0.009032915346324444,0.0001,0.2,0.3791910409927368,0.0013390276235440979,0.13302254676818848,0.0012258384687129364,0.13769713044166565,4.366433727787808,0.010435215,0.9855075496435165,360.0
18722,61341696,3276,117,882,-0.005791615694761276,0.0001,0.2,0.8179385662078857,0.0001561348591820888,0.15727972984313965,-0.005552099004944466,0.13480766117572784,4.4918941266369075,0.0116997855,0.9855075496435165,360.0
18726,61865984,3303,118,890,0.00567646324634552,0.0001,0.2,0.401250422000885,0.0013779787659018439,0.13669729232788086,0.0013392347313470054,0.13349689543247223,4.557999840937555,0.010370047,0.9855075496435165,360.0
18719,62390272,3332,119,898,-0.004276894964277744,0.0001,0.2,0.8496542125940323,0.00012975341800469664,0.16359853744506836,-0.0059861565484879975,0.13070707023143768,4.687516709091142,0.012389975,1.0033017414808274,360.0
18721,62914560,3360,120,906,0.003321585711091757,0.0001,0.2,0.1468694806098938,0.010034427634991516,0.15779638290405273,0.002740344157018626,0.13002698123455048,4.725596030475572,0.011420092,1.0033017414808274,360.0
18723,63438848,3388,121,914,0.0073470850475132465,0.0001,0.2,0.27289098501205444,0.0015648595740458404,0.12486410140991211,0.001275806909802668,0.12878532707691193,4.784772737184539,0.009500759,1.0033017414808274,360.0
18726,63963136,3415,122,922,0.0006402402650564909,0.0001,0.2,0.8735309690237045,0.00013515416939569036,0.15993070602416992,-0.004353831783760143,0.12617182731628418,4.905439188005403,0.0120785665,1.0033017414808274,360.0
18727,64487424,3443,123,930,0.006039275787770748,0.0001,0.2,0.35059893131256104,0.001734087655620442,0.12998723983764648,0.0016976429760973133,0.12501689791679382,4.968476438894868,0.009709756,1.0033017414808274,360.0
18721,65011712,3472,124,938,-0.001014605280943215,0.0001,0.2,0.8564790636301041,0.00011993199940008026,0.16648411750793457,-0.005789543999952684,0.12230950593948364,5.102604232728481,0.012466794,1.0223976540565491,360.0
18721,65536000,3500,125,946,0.0065912483260035515,0.0001,0.2,0.0674561858177185,0.010761535633719177,0.1272265911102295,0.002807915878179301,0.12181368470191956,5.137419194448739,0.009627185,1.0223976540565491,360.0
18722,66060288,3528,126,954,0.0021306760609149933,0.0001,0.2,0.7108600735664368,0.0001860880479256366,0.15807676315307617,-0.004477003455235717,0.11959268152713776,5.2483197478577495,0.013262043,1.0223976540565491,360.0
18751,66584576,3550,127,955,0.00951369572430849,0.0001,0.2,0.3545265197753906,0.0014678900220299735,0.1283361624672775,0.003002377524386838,0.11902701109647751,5.270620593225769,0.009734507,1.0223976540565491,360.0
18753,67108864,3578,128,963,-0.001483356929384172,0.0001,0.2,0.8316460251808167,0.00013867459889382872,0.15832853317260742,-0.003870753857853515,0.11670134961605072,5.400066573172808,0.01184742,1.0223976540565491,360.0
18755,67633152,3606,129,971,0.006873497273772955,0.0001,0.2,0.3870100975036621,0.0014046654477510856,0.14061975479125977,0.0020858322952221897,0.11587266623973846,5.456393987638876,0.010366901,1.0223976540565491,360.0
18750,68157440,3634,130,979,0.0023059758823364973,0.0001,0.2,0.8625870794057846,0.00011778337616874524,0.15996646881103516,-0.004190580570138991,0.11356183141469955,5.578178221127018,0.012119998,1.0325141096115111,360.0
18752,68681728,3662,131,987,0.008280383422970772,0.0001,0.2,0.049036622047424316,0.012885484835805983,0.1300034523010254,0.0031242523180026183,0.11320938915014267,5.609839820768684,0.00974696,1.0325141096115111,360.0
18754,69206016,3690,132,995,0.006556075997650623,0.0001,0.2,0.7675801664590836,0.00016009596084387567,0.16026759147644043,-0.0031443095203940175,0.11150883138179779,5.698524757986888,0.011738572,1.0325141096115111,360.0
18756,69730304,3717,133,1003,0.003778684651479125,0.0001,0.2,0.40828174352645874,0.0014683877502079667,0.14752435684204102,0.0022330303717694733,0.11051005125045776,5.757071482483298,0.010790864,1.0325141096115111,360.0
18782,70254592,3740,134,1005,0.0017208022763952613,0.0001,0.2,0.8748340159654617,0.00013789948539054072,0.14526433710831063,-0.001950874990321777,0.1085810512304306,5.831389705231794,0.01145726,1.0325141096115111,360.0
18778,70778880,3769,135,1013,0.00895710103213787,0.0001,0.2,0.47224366664886475,0.0013042657279811465,0.16585040092468262,0.0023253852714333334,0.10757753252983093,5.925886867567897,0.012262542,1.0383543837070466,360.0
18779,71303168,3796,136,1021,0.007382361218333244,0.0001,0.2,0.02924102544784546,0.013937659798557434,0.12933635711669922,0.002713566989740457,0.10727515816688538,5.952377769164741,0.009654814,1.0383543837070466,360.0
18782,71827456,3824,137,1029,0.004684765823185444,0.0001,0.2,0.6366604268550873,0.0001823245566114906,0.12694549560546875,0.003698262718614842,0.10624267160892487,6.005419459193945,0.010283565,1.0383543837070466,360.0
18784,72351744,3851,138,1037,0.010898140259087086,0.0001,0.2,0.3233555555343628,0.0017011736139806999,0.14331841468811035,0.002627747242570422,0.10555603355169296,6.054678857792169,0.010511577,1.0383543837070466,360.0
18797,72876032,3876,139,1042,-0.003446910995990038,0.0001,0.2,0.8278718143701553,0.00012293660060654825,0.15656581142072212,-0.0029240963209144115,0.10362699627876282,6.1638060540569075,0.012308536,1.0383543837070466,360.0
18800,73400320,3904,140,1050,0.0061514005064964294,0.0001,0.2,0.3606352210044861,0.0015676909421245,0.14537644386291504,0.002405092939000042,0.10287892818450928,6.222811855142936,0.011135233,1.0383543837070466,360.0
18796,73924608,3932,141,1058,0.00032527753501199186,0.0001,0.2,0.8574519604444504,0.00010809701138114747,0.16107654571533203,-0.0033768689978899147,0.10094939172267914,6.337167725665495,0.011983411,1.0493304949998856,360.0
18798,74448896,3960,142,1066,0.007457256782799959,0.0001,0.2,0.11218571662902832,0.009595672066097904,0.1411762237548828,0.003470620564996807,0.10066109150648117,6.368460007244721,0.010181615,1.0493304949998856,360.0
18800,74973184,3987,143,1074,0.003466166788712144,0.0001,0.2,0.7076768279075623,0.0001471254889295892,0.1611170768737793,-0.002811605091949332,0.09921862930059433,6.45706689520739,0.01177688,1.0493304949998856,360.0
18802,75497472,4015,144,1082,0.008435533381998539,0.0001,0.2,0.3358606696128845,0.001389827781679287,0.14884352684020996,0.0028835891738481223,0.09871255606412888,6.493126531364396,0.0109564345,1.0493304949998856,360.0
18804,76021760,4042,145,1090,-9.8882032034453e-05,0.0001,0.2,0.8106237053871155,0.00012069414717785776,0.15912151336669922,-0.002503924712755179,0.09697778522968292,6.599402831634507,0.011846999,1.0493304949998856,360.0
18806,76546048,4070,146,1098,0.006680421531200409,0.0001,0.2,0.3655104637145996,0.0013895628183036024,0.1523447036743164,0.0030073135469024237,0.09626801311969757,6.653126528020948,0.011407672,1.0493304949998856,360.0
18802,77070336,4099,147,1106,0.0022048051469027996,0.0001,0.2,0.8573353737592697,9.843322683522615e-05,0.16596245765686035,-0.002936493737024648,0.09456991404294968,6.7633882572408766,0.012239485,1.0562829369306563,360.0
18804,77594624,4126,148,1114,0.009504137560725212,0.0001,0.2,0.07319247722625732,0.012574663259783847,0.1477799415588379,0.0037008713607065147,0.09431128203868866,6.792394638760015,0.010701649,1.0562829369306563,360.0
18807,78118912,4153,149,1122,0.0029615091625601053,0.0001,0.2,0.7193666696548462,0.00012800977860294438,0.16468024253845215,-0.0024495484216799923,0.09299498796463013,6.875257874140516,0.0118347425,1.0562829369306563,360.0
18811,78643200,4180,150,1130,0.008575526997447014,0.0001,0.2,0.39508146047592163,0.0012456266927927118,0.17347216606140137,0.0033381909949525834,0.09247763454914093,6.914243843406439,0.01261352,1.0562829369306563,360.0
18833,79167488,4203,151,1132,-0.001264817314222455,0.0001,0.2,0.8502670377492905,0.00010226110111401313,0.14710717190889372,-0.0017385637933598455,0.09082099795341492,6.998476944879958,0.011502322,1.0562829369306563,360.0
18830,79691776,4232,152,1140,0.008187172934412956,0.0001,0.2,0.740298867225647,0.0003381371803286015,0.20753216743469238,0.0018555348775066705,0.08964701741933823,7.111783114029095,0.014890871,1.0591934883594514,360.0
18831,80216064,4259,153,1148,0.016674548387527466,0.0001,0.2,0.11860924959182739,0.01349002239157926,0.1480555534362793,0.004004512388291914,0.08935051411390305,7.146936684148386,0.011487825,1.0591934883594514,360.0
18833,80740352,4287,154,1156,0.005290014669299126,0.0001,0.2,0.6982938051223755,0.0001113677644930533,0.1593642234802246,-0.00046155657810231787,0.08811669051647186,7.230607769684866,0.011683888,1.0591934883594514,360.0
18836,81264640,4314,155,1164,0.01006289105862379,0.0001,0.2,0.3116275668144226,0.0015101076017458581,0.15213346481323242,0.0033101353205893247,0.0876871794462204,7.270306233083829,0.011300443,1.0591934883594514,360.0
18838,81788928,4341,156,1172,0.010365435853600502,0.0001,0.2,0.8334371000528336,0.00010372037207417861,0.16289997100830078,-0.001375287075632059,0.08622758090496063,7.374155365861952,0.012180333,1.0591934883594514,360.0
18840,82313216,4368,157,1180,0.008840812370181084,0.0001,0.2,0.35319697856903076,0.001453913523846495,0.16039133071899414,0.0036606213446361835,0.08570459485054016,7.4214300834573805,0.011949634,1.0591934883594514,360.0
18837,82837504,4397,158,1188,0.0005549578927457333,0.0001,0.2,0.8604082316160202,9.016273561002208e-05,0.16398358345031738,-0.001439590925713219,0.08419748395681381,7.526892486726865,0.011912941,1.0647333657741547,360.0
18862,83361792,4419,159,1189,0.02029949054121971,0.0001,0.2,0.05429154634475708,0.01272315390735537,0.15312178056318682,0.005122319460017504,0.08411969244480133,7.541835323794857,0.011274174,1.0647333657741547,360.0
18885,83886080,4441,160,1191,0.002384483814239502,0.0001,0.2,0.7656507343053818,0.0001612977114348884,0.14908619133574008,0.0009616072031598713,0.08328472077846527,7.587972133168245,0.013408347,1.0647333657741547,360.0
18886,84410368,4469,161,1199,0.024930236861109734,0.0001,0.2,0.34644651412963867,0.0014457399667548998,0.15886449813842773,0.0034868307109263696,0.08299648761749268,7.636036979500204,0.011309963,1.0647333657741547,360.0
18887,84934656,4496,162,1207,0.001864658435806632,0.0001,0.2,0.8407150655984879,0.00010600745576638815,0.16166973114013672,-0.0005745139297914648,0.08169087767601013,7.733702523633838,0.011717234,1.0647333657741547,360.0
18889,85458944,4524,163,1215,0.008973367512226105,0.0001,0.2,0.363670289516449,0.001487269542337799,0.16608309745788574,0.003939369710053597,0.08131949603557587,7.773495481116697,0.011908665,1.0647333657741547,360.0
18886,85983232,4552,164,1223,0.00799502246081829,0.0001,0.2,0.872750923037529,8.112999539378052e-05,0.16526222229003906,-0.000920992718135949,0.08000403642654419,7.872964430833235,0.012047533,1.0680362689495086,360.0
18907,86507520,4575,165,1225,0.01890404149889946,0.0001,0.2,0.18086868524551392,0.010576500106901372,0.2000301372403561,0.006126802207733496,0.07991422712802887,7.886236860065856,0.014335465,1.0680362689495086,360.0
18908,87031808,4602,166,1233,0.015693265944719315,0.0001,0.2,0.24033063650131226,0.0015410006715796953,0.1525871753692627,0.0038067654179485544,0.07943534851074219,7.919471816858277,0.010647189,1.0680362689495086,360.0
18924,87556096,4626,167,1236,0.009521626867353916,0.0001,0.2,0.8883113414049149,0.0001042158008032194,0.16311857490989515,0.00277631770945148,0.07844550907611847,7.988684469875471,0.012463623,1.0680362689495086,360.0
18926,88080384,4653,168,1244,0.009810101240873337,0.0001,0.2,0.3168032765388489,0.0017371570345972032,0.15586495399475098,0.003829380191518794,0.07809453457593918,8.03943347884342,0.011530842,1.0680362689495086,360.0
18923,88604672,4682,169,1252,0.009539380669593811,0.0001,0.2,0.8694291114807129,7.250685510840071e-05,0.1701982021331787,-0.0009131235249242309,0.07677796483039856,8.13848332548514,0.012205505,1.072697970867157,360.0
18933,89128960,4707,170,1257,0.021345946937799454,0.0001,0.2,0.07073909044265747,0.011262400378860232,0.15961268433293746,0.005261666449126054,0.07658061385154724,8.165961357684525,0.012155658,1.072697970867157,360.0
18934,89653248,4734,171,1265,0.0029627582989633083,0.0001,0.2,0.7246670424938202,0.00011497182576292175,0.17981743812561035,-0.0012132038309573545,0.07570485770702362,8.235955344047397,0.012507061,1.072697970867157,360.0
18936,90177536,4762,172,1273,0.012214315123856068,0.0001,0.2,0.31605851650238037,0.0014843055785718207,0.167921781539917,0.00417832826775566,0.07543398439884186,8.263819807674736,0.012453791,1.072697970867157,360.0
18937,90701824,4789,173,1281,0.0073774829506874084,0.0001,0.2,0.8114054054021835,0.0001006790051327755,0.16592693328857422,0.00018098893940532434,0.07439030706882477,8.350130486302078,0.012099806,1.072697970867157,360.0
18939,91226112,4816,174,1289,0.014896075241267681,0.0001,0.2,0.3457263112068176,0.0014561666301915466,0.16627168655395508,0.0043206511797109215,0.0740637332201004,8.384406633675098,0.011888157,1.072697970867157,360.0
18934,91750400,4845,175,1297,0.0043539125472307205,0.0001,0.2,0.8477822691202164,8.41809403269167e-05,0.171142578125,0.0001848360901135493,0.0730598121881485,8.469745147973299,0.012110703,1.0774751818180084,360.0
18935,92274688,4873,176,1305,0.016052260994911194,0.0001,0.2,0.06971162557601929,0.012359737736460374,0.16379261016845703,0.005315550687782888,0.07299020886421204,8.485697412397712,0.0118608195,1.0774751818180084,360.0
18954,92798976,4895,177,1307,0.007686017546802759,0.0001,0.2,0.6671021580696106,0.00015808512935685585,0.17140420540633608,-4.7132684579811806e-05,0.07248540222644806,8.518723303949866,0.01324673,1.0774751818180084,360.0
18955,93323264,4923,178,1315,0.011399679817259312,0.0001,0.2,0.2979688048362732,0.0015869435396780318,0.17649316787719727,0.004279992659519394,0.07221159338951111,8.558710648678243,0.013090845,1.0774751818180084,360.0
18957,93847552,4950,179,1323,0.016335515305399895,0.0001,0.2,0.8149272054433823,9.46797822045653e-05,0.1734027862548828,6.465973956437665e-05,0.0712200179696083,8.643899609334767,0.012705527,1.0774751818180084,360.0
18955,94371840,4978,180,1331,0.03257322683930397,0.0001,0.2,0.3683757781982422,0.0013929472376928065,0.19661997381673257,0.004918151847050018,0.0709395557641983,8.670717683453638,0.014581589,1.0776909124851226,360.0
18955,94896128,5006,181,1339,0.013012136332690716,0.0001,0.2,0.01702141761779785,0.01323145935566572,0.15789175033569336,0.0043072951731915055,0.0707685649394989,8.687877708114684,0.011246451,1.0776909124851226,360.0
18956,95420416,5033,182,1347,0.01674790121614933,0.0001,0.2,0.7129673063755035,0.00015932753084513251,0.15360546112060547,0.007545428193168391,0.07028082758188248,8.724217722658068,0.01229191,1.0776909124851226,360.0
18958,95944704,5060,183,1355,0.007811306044459343,0.0001,0.2,0.27087724208831787,0.001750670701596846,0.16693353652954102,0.004744571433320743,0.07012764364480972,8.749713507015258,0.012229832,1.0776909124851226,360.0
18959,96468992,5088,184,1363,0.007449477445334196,0.0001,0.2,0.7862857282161713,9.494940866972001e-05,0.1635599136352539,0.001192289124276158,0.06921940296888351,8.826950672548264,0.012207061,1.0776909124851226,360.0
18960,96993280,5115,185,1371,0.013029220513999462,0.0001,0.2,0.3025754690170288,0.0016610883844236923,0.1750316619873047,0.004694860890538166,0.06892812252044678,8.856126670725644,0.013372152,1.0776909124851226,360.0
18957,97517568,5143,186,1379,0.009321477264165878,0.0001,0.2,0.821499839425087,8.668242605835985e-05,0.16942214965820312,0.0010098736389636542,0.06800230592489243,8.937030982226133,0.012041794,1.078121727705002,360.0
18967,98041856,5168,187,1384,0.019897475838661194,0.0001,0.2,0.13630855083465576,0.0090754442508056,0.1712386736586758,0.0057015462666877535,0.06785018742084503,8.96220982695279,0.014174737,1.078121727705002,360.0
18969,98566144,5196,188,1392,0.0025820904411375523,0.0001,0.2,0.68314990401268,0.00012225436248769483,0.1784217357635498,0.0006414157045355751,0.06723329424858093,9.02131508430466,0.013088081,1.078121727705002,360.0
18970,99090432,5223,189,1400,0.010834810324013233,0.0001,0.2,0.291534423828125,0.0015305533073046718,0.17850017547607422,0.00497046631272724,0.06705233454704285,9.046328890603036,0.013245031,1.078121727705002,360.0
18971,99614720,5250,190,1408,0.0083840973675251,0.0001,0.2,0.7888341993093491,0.00010061118936377511,0.16665291786193848,0.0015386027570798433,0.06628794968128204,9.119369273073971,0.011942176,1.078121727705002,360.0
18972,100139008,5278,191,1416,0.009866070002317429,0.0001,0.2,0.31763947010040283,0.0015682517204140822,0.17767953872680664,0.004889740052419711,0.06598371267318726,9.15094857942313,0.013092609,1.078121727705002,360.0
18983,100663296,5302,192,1419,0.006878144107758999,0.0001,0.2,0.8348318189382553,8.84409424988977e-05,0.16271487608650662,0.002122309301179581,0.06520123034715652,9.20806611294778,0.011447628,1.084165962934494,360.0
19003,101187584,5324,193,1420,0.011851269751787186,0.0001,0.2,0.14585888385772705,0.010851900596171617,0.1890234375,0.007255003970737258,0.06522578001022339,9.233202368418375,0.013885919,1.084165962934494,360.0
19021,101711872,5347,194,1422,0.011621627025306225,0.0001,0.2,0.7745078504085541,0.00012042157259330311,0.1670348261443662,0.0023659589785662754,0.0646405816078186,9.269703094052597,0.01170188,1.084165962934494,360.0
19030,102236160,5372,195,1427,0.02809939906001091,0.0001,0.2,0.36539119482040405,0.001409661598530547,0.20552923337133228,0.005739720038900523,0.0644897073507309,9.30104309674958,0.0149781965,1.084165962934494,360.0
19032,102760448,5399,196,1435,0.02159082144498825,0.0001,0.2,0.8471338599920273,7.862642890543725e-05,0.1704244613647461,0.0013348331568181493,0.06367361545562744,9.378189430106431,0.012245018,1.084165962934494,360.0
19040,103284736,5424,197,1438,0.024248657748103142,0.0001,0.2,0.7099391520023346,0.00036038865835142053,0.23759281168407312,0.006358396845982792,0.06316760182380676,9.416236628440279,0.018860282,1.0851686930656432,360.0
19056,103809024,5447,198,1440,0.013339092954993248,0.0001,0.2,0.16219985485076904,0.01152100430210372,0.17808718500499002,0.006608724631527123,0.06313125789165497,9.436766260874247,0.013201545,1.0851686930656432,360.0
19066,104333312,5471,199,1444,0.018520964309573174,0.0001,0.2,0.6800544857978821,9.700065586040016e-05,0.16793387276785715,0.0039920224350810584,0.0625440925359726,9.483035384392252,0.012318875,1.0851686930656432,360.0
19067,104857600,5499,200,1452,0.015867991372942924,0.0001,0.2,0.2895352244377136,0.001673576243433672,0.17823195457458496,0.0052175856106941865,0.06233636289834976,9.515455686021596,0.013080625,1.0851686930656432,360.0
19068,105381888,5526,201,1460,0.009943550452589989,0.0001,0.2,0.8052460104227066,8.513399725629256e-05,0.17139339447021484,0.002127629597396208,0.06157641112804413,9.589528800919652,0.012218146,1.0851686930656432,360.0
19069,105906176,5553,202,1468,0.016563255339860916,0.0001,0.2,0.3086816072463989,0.001587627007552328,0.18310093879699707,0.0053273766829988745,0.06132916733622551,9.618668430950493,0.013186112,1.0851686930656432,360.0
19066,106430464,5581,203,1476,0.012734629213809967,0.0001,0.2,0.8227081298828125,7.81763459158924e-05,0.17411589622497559,0.0018664184342753742,0.060569800436496735,9.693864779081196,0.012558907,1.0867213940620422,360.0
19076,106954752,5606,204,1481,0.016026772558689117,0.0001,0.2,0.12232029438018799,0.009666102516988247,0.1843575920513589,0.006641784772577641,0.06044183671474457,9.715600567946522,0.01404977,1.0867213940620422,360.0
19085,107479040,5631,205,1486,0.014621822163462639,0.0001,0.2,0.6470857858657837,0.0001235523346505004,0.19088016633064517,0.0009367860642434548,0.05996490642428398,9.762185400532138,0.013353164,1.0867213940620422,360.0
19086,108003328,5658,206,1494,0.016490628942847252,0.0001,0.2,0.27825242280960083,0.0016316139510763605,0.18436527252197266,0.005267757252852334,0.059711288660764694,9.791216746438295,0.01335666,1.0867213940620422,360.0
19087,108527616,5685,207,1502,0.012167596258223057,0.0001,0.2,0.7966871559619904,8.988790762387566e-05,0.17598843574523926,0.0023689993525977115,0.059022992849349976,9.863238812424242,0.012412069,1.0867213940620422,360.0
19088,109051904,5713,208,1510,0.008422904647886753,0.0001,0.2,0.31166988611221313,0.001618128273378261,0.18981361389160156,0.005617797080560649,0.05886354297399521,9.8850137880072,0.013628764,1.0867213940620422,360.0
19084,109576192,5741,209,1518,0.010004405863583088,0.0001,0.2,0.8366504013538361,7.263035164584153e-05,0.1806333065032959,0.0017611240195378741,0.058227695524692535,9.95829293038696,0.012327143,1.0903049039840698,360.0
19101,110100480,5763,210,1519,0.020446330308914185,0.0001,0.2,0.21046358346939087,0.009556056528827687,0.2472371934335443,0.008947045565877535,0.05821695923805237,9.965865002402776,0.01915561,1.0903049039840698,360.0
19102,110624768,5791,211,1527,0.015602118335664272,0.0001,0.2,0.19884216785430908,0.0016874394872843368,0.180955171585083,0.005651303217916848,0.058065515011548996,9.983484630472958,0.013591218,1.0903049039840698,360.0
19103,111149056,5818,212,1535,0.019678331911563873,0.0001,0.2,0.8855352625250816,9.217465383670742e-05,0.1861577033996582,0.005661661388103312,0.05756846070289612,10.032658014446497,0.013946367,1.0903049039840698,360.0
19103,111673344,5845,213,1543,0.019555751234292984,0.0001,0.2,0.2953827381134033,0.0018822845741510719,0.1826786994934082,0.005673997290955413,0.057391565293073654,10.05495174555108,0.013291458,1.0903049039840698,360.0
19100,112197632,5873,214,1551,0.013795938342809677,0.0001,0.2,0.8667588829994202,6.512617841281099e-05,0.18221235275268555,0.0020936809495992748,0.05673398822546005,10.12729768268764,0.013031839,1.0929500913619996,360.0
19107,112721920,5899,215,1557,0.01241970993578434,0.0001,0.2,0.09873658418655396,0.01019401434861031,0.18961196804638975,0.007132892970498998,0.056662194430828094,10.144390847371971,0.022351328,1.0929500913619996,360.0
19109,113246208,5926,216,1565,0.013285850174725056,0.0001,0.2,0.6994249522686005,0.00010244880228427178,0.1834423542022705,0.002218766917621906,0.05617765709757805,10.198165204375982,0.01354968,1.0929500913619996,360.0
19109,113770496,5953,217,1573,0.015413508750498295,0.0001,0.2,0.29517990350723267,0.0016244248380985482,0.1949293613433838,0.005889658928879271,0.05598539113998413,10.21860389271751,0.01390164,1.0929500913619996,360.0
19128,114294784,5975,218,1574,0.029237771406769753,0.0001,0.2,0.8022047132253647,0.0004468084152904339,0.19541015625,0.008795147389173507,0.05597762390971184,10.220792770385742,0.01631858,1.0929500913619996,360.0
19128,114819072,6002,219,1582,0.018610063940286636,0.0001,0.2,0.32248908281326294,0.001599023806591049,0.19085311889648438,0.005795002074194144,0.055794864892959595,10.238814092706889,0.013810774,1.0929500913619996,360.0
19125,115343360,6031,220,1590,0.012092677876353264,0.0001,0.2,0.8316475749015808,8.269055166110206e-05,0.18583083152770996,0.002589867583026262,0.05526915192604065,10.302667821291834,0.013561047,1.0955439960956574,360.0
19133,115867648,6055,221,1595,0.013663798570632935,0.0001,0.2,0.12025630474090576,0.010851554117692482,0.19406355996997332,0.007512242144248797,0.05511660501360893,10.320158501112589,0.014196447,1.0955439960956574,360.0
19133,116391936,6082,222,1603,0.006609650328755379,0.0001,0.2,0.6713575422763824,0.00012819406845565595,0.2066025733947754,-0.0005176269192759264,0.054728344082832336,10.363958966452628,0.014732474,1.0955439960956574,360.0
19140,116916224,6108,223,1609,0.027929017320275307,0.0001,0.2,0.3032008409500122,0.001761300999612448,0.20424378033980584,0.006405530947753992,0.054603658616542816,10.381396592572724,0.015248134,1.0955439960956574,360.0
19140,117440512,6135,224,1617,0.015935465693473816,0.0001,0.2,0.8209469318389893,8.641481620585978e-05,0.18410229682922363,0.0026872240406419223,0.05412927269935608,10.433722041081637,0.012716798,1.0955439960956574,360.0
19144,117964800,6161,225,1622,0.03165820986032486,0.0001,0.2,0.3506547808647156,0.0015341871339744856,0.22646750051525144,0.006717374758113111,0.05396757647395134,10.452237767615008,0.016831236,1.0882994902133942,360.0
19159,118489088,6184,226,1624,0.03625152260065079,0.0001,0.2,0.012015819549560547,0.011925496590547553,0.18741672722868216,0.006372536682386616,0.053908687084913254,10.45576549500458,0.029657053,1.0882994902133942,360.0
19168,119013376,6208,227,1628,0.02659446932375431,0.0001,0.2,0.8085391223430634,0.00018049353489567915,0.1849946224091607,0.011450315412408468,0.053730156272649765,10.477665177875313,0.015308769,1.0882994902133942,360.0
19168,119537664,6236,228,1636,0.03039606474339962,0.0001,0.2,0.25655412673950195,0.001895220681805821,0.19097996132046569,0.006367720906821299,0.05356484651565552,10.504472803134544,0.014286581,1.0882994902133942,360.0
19169,120061952,6263,229,1644,0.016162535175681114,0.0001,0.2,0.7747300416231155,8.852156971883574e-05,0.1790320873260498,0.0034768443554753503,0.05306927114725113,10.564254523720592,0.012670047,1.0882994902133942,360.0
19176,120586240,6288,230,1649,0.03310225158929825,0.0001,0.2,0.28794151544570923,0.0017955494658005926,0.19705802515933388,0.006364245464761839,0.05294421315193176,10.579478714811174,0.016191298,1.0882994902133942,360.0
19172,121110528,6316,231,1657,0.012843765318393707,0.0001,0.2,0.7983348518610001,8.231365825039916e-05,0.18435096740722656,0.003246848059234253,0.052410855889320374,10.641837606672198,0.012880666,1.094346716403961,360.0
19188,121634816,6339,232,1658,0.015539971180260181,0.0001,0.2,0.16625148057937622,0.009181144863842323,0.19917253407921812,0.007835954923083078,0.052377551794052124,10.653228335910374,0.014966041,1.094346716403961,360.0
19188,122159104,6366,233,1666,0.013646111823618412,0.0001,0.2,0.7083756923675537,0.00011850269578417283,0.19774794578552246,0.002190001383667095,0.052022792398929596,10.697344333864748,0.013888067,1.094346716403961,360.0
19192,122683392,6392,234,1673,0.02203764021396637,0.0001,0.2,0.29711079597473145,0.001665495056066796,0.2016668201380273,0.006935158043362607,0.05197393149137497,10.711222885264357,0.0155175105,1.094346716403961,360.0
19207,123207680,6414,235,1674,0.035835422575473785,0.0001,0.2,0.7873233556747437,0.00011746600074554717,0.1696082998853211,0.004151846103823034,0.0516371950507164,10.735503380451727,0.012049474,1.094346716403961,360.0
19208,123731968,6441,236,1682,0.01703004166483879,0.0001,0.2,0.3115041255950928,0.001705160430901742,0.19902539253234863,0.006571733566772764,0.05152781307697296,10.765996576752514,0.014867139,1.094346716403961,360.0
19203,124256256,6470,237,1690,0.010448332875967026,0.0001,0.2,0.8059221655130386,8.544517480757463e-05,0.19388675689697266,0.0026556977632026246,0.0510895773768425,10.818687772843987,0.013761785,1.0926764249801635,360.0
19207,124780544,6496,238,1697,0.025662897154688835,0.0001,0.2,0.2050929069519043,0.00991912126101544,0.21035199735607507,0.007147647269365186,0.05102364346385002,10.83430744976791,0.015773617,1.0926764249801635,360.0
19220,125304832,6519,239,1699,0.02795807458460331,0.0001,0.2,0.6907150447368622,0.0001212540193591849,0.19619140625,0.0023515441380864517,0.05070130527019501,10.863516356728294,0.014095776,1.0926764249801635,360.0
19236,125829120,6541,240,1700,0.03478177636861801,0.0001,0.2,0.3167535662651062,0.0015485629108018028,0.20603590745192307,0.006997422565920995,0.05068154260516167,10.878353559053862,0.015642934,1.0926764249801635,360.0
19236,126353408,6568,241,1708,0.010934474878013134,0.0001,0.2,0.7682076990604401,8.041011643911133e-05,0.19832324981689453,0.002323058413992385,0.05026257783174515,10.929302897769958,0.014467441,1.0926764249801635,360.0
19248,126877696,6591,242,1709,0.027370255440473557,0.0001,0.2,0.6473906934261322,0.0004800284643554025,0.2170681423611111,0.0053828935682152705,0.05026578530669212,10.931857479943169,0.016965937,1.0963495767116547,360.0
19261,127401984,6614,243,1711,0.021701818332076073,0.0001,0.2,0.26114338636398315,0.00798008553834318,0.21234370489318707,0.008198901845839124,0.05031174421310425,10.933888221723103,0.015754629,1.0963495767116547,360.0
19266,127926272,6639,244,1717,0.03630194440484047,0.0001,0.2,0.5254138708114624,8.76499759400753e-05,0.1928937316110913,0.0063305161057203505,0.050017695873975754,10.964294186672369,0.014482851,1.0963495767116547,360.0
19278,128450560,6662,245,1720,0.02712091989815235,0.0001,0.2,0.25655078887939453,0.0017646036749102755,0.19888763703661844,0.006950590738674683,0.0499650239944458,10.981333577395779,0.014676581,1.0963495767116547,360.0
19278,128974848,6690,246,1728,0.018703093752264977,0.0001,0.2,0.7453009784221649,7.701923340164285e-05,0.18730592727661133,0.0037616605864627672,0.049522411078214645,11.033894679043442,0.013655983,1.0963495767116547,360.0
19293,129499136,6712,247,1729,0.029044225811958313,0.0001,0.2,0.27932941913604736,0.0017125173245885355,0.1964700137867647,0.007083309452761622,0.04949803650379181,11.043427338319667,0.014340542,1.0963495767116547,360.0
19288,130023424,6740,248,1737,0.017990177497267723,0.0001,0.2,0.7650798857212067,7.282026129118435e-05,0.18805217742919922,0.003973987876747742,0.04906485602259636,11.102773282211274,0.013748521,1.096854853630066,360.0
19297,130547712,6764,249,1741,0.02071174420416355,0.0001,0.2,0.2059651017189026,0.008202898604648226,0.21211400269592953,0.008114563471231415,0.04897353798151016,11.11504039671702,0.016845869,1.096854853630066,360.0
19305,131072000,6789,250,1745,0.01927420124411583,0.0001,0.2,0.581057071685791,0.00011813835590146482,0.20661107664967812,0.0018871557473378903,0.04864377900958061,11.146099400622651,0.014076235,1.096854853630066,360.0
19310,131596288,6814,251,1751,0.024322524666786194,0.0001,0.2,0.24612677097320557,0.0018286912545769478,0.20610125569775595,0.007070132164427616,0.04852921888232231,11.166743110640688,0.016167466,1.096854853630066,360.0
19321,132120576,6837,252,1754,0.0329180583357811,0.0001,0.2,0.7355814576148987,9.168192797076789e-05,0.18265034751697792,0.005041900772960297,0.048152536153793335,11.206801751271168,0.014695074,1.096854853630066,360.0
19324,132644864,6864,253,1761,0.027873259037733078,0.0001,0.2,0.27728646993637085,0.0018235275295067682,0.20594069645006016,0.006821434962099237,0.048083215951919556,11.237052983468764,0.01575189,1.096854853630066,360.0
19320,133169152,6892,254,1769,0.010726846754550934,0.0001,0.2,0.7792371958494186,7.361803683636481e-05,0.1991117000579834,0.0034331502430404726,0.04769865423440933,11.288654432166368,0.013788706,1.0966059279441833,360.0
19335,133693440,6914,255,1770,0.02578568458557129,0.0001,0.2,0.27505725622177124,0.008950039404086195,0.2422814002403846,0.00810234374904002,0.04772254824638367,11.291181637690617,0.019343657,1.0966059279441833,360.0
19336,134217728,6941,256,1778,0.035541508346796036,0.0001,0.2,0.20506161451339722,0.0017996712554428707,0.20146975109924622,0.006936575055775237,0.04766128584742546,11.300521967998103,0.015117058,1.0966059279441833,360.0
19351,134742016,6963,257,1779,0.024546479806303978,0.0001,0.2,0.8722444027662277,0.00019501114339374643,0.22818216463414634,0.01822411962898403,0.047639112919569016,11.30412594865008,0.020616766,1.0966059279441833,360.0
19366,135266304,6984,258,1780,0.019167335703969002,0.0001,0.2,0.2964096665382385,0.0019905020211202404,0.20650227864583334,0.0073690641050537424,0.047636933624744415,11.306924819946289,0.020641588,1.0966059279441833,360.0
19377,135790592,7007,259,1781,0.04016438499093056,0.0001,0.2,0.8326146602630615,0.00011531505050596833,0.18922932942708334,0.005794787992878507,0.04752025008201599,11.314324193530613,0.0134597765,1.1004823541641235,360.0
19390,136314880,7029,260,1782,0.03251069784164429,0.0001,0.2,0.21200144290924072,0.008847988566281054,0.2143324003444882,0.00902775553509769,0.047480400651693344,11.325588571743703,0.016156802,1.1004823541641235,360.0
19391,136839168,7056,261,1790,0.019083160907030106,0.0001,0.2,0.7712155282497406,9.244247852535636e-05,0.19937896728515625,0.004194700971538623,0.0471319854259491,11.368277646135539,0.013805268,1.1004823541641235,360.0
19399,137363456,7080,262,1794,0.033188965171575546,0.0001,0.2,0.31019026041030884,0.0017903018113314196,0.20944614324095023,0.007328787985931012,0.04700959846377373,11.38243489135984,0.015834095,1.1004823541641235,360.0
19398,137887744,7108,263,1802,0.009056187234818935,0.0001,0.2,0.8120933920145035,8.717747109443508e-05,0.19042158126831055,0.004262543568415822,0.046590469777584076,11.436044223140925,0.013365142,1.1004823541641235,360.0
19411,138412032,7130,264,1804,0.0392376109957695,0.0001,0.2,0.3168376684188843,0.001821130767870599,0.2121751945970696,0.008302228984972224,0.04653282091021538,11.447599568209805,0.017073667,1.1004823541641235,360.0
19406,138936320,7159,265,1812,0.021812651306390762,0.0001,0.2,0.820253536105156,8.018444594526386e-05,0.1961064338684082,0.004674542755822131,0.04613497853279114,11.49830399826169,0.014129322,1.09666672706604,360.0
19417,139460608,7182,266,1814,0.025848926976323128,0.0001,0.2,0.16185176372528076,0.010838693800284184,0.21342647241550697,0.008971902915826493,0.0460737869143486,11.508013143217113,0.01577372,1.09666672706604,360.0
19416,139984896,7209,267,1822,0.011716311797499657,0.0001,0.2,0.6869482100009918,0.0001367836492072172,0.22731947898864746,8.358696220511774e-05,0.045893531292676926,11.53663807362318,0.015743095,1.09666672706604,360.0
19428,140509184,7232,268,1824,0.031015295535326004,0.0001,0.2,0.29576295614242554,0.0019898937579275505,0.22423126305710306,0.008674779175949337,0.04580509662628174,11.546492935223167,0.01678606,1.09666672706604,360.0
19427,141033472,7259,269,1832,0.023113593459129333,0.0001,0.2,0.8084266632795334,9.003133143181685e-05,0.1947460174560547,0.00440604932646238,0.04547198861837387,11.59455845458433,0.014413537,1.09666672706604,360.0
19438,141557760,7282,270,1833,0.026587076485157013,0.0001,0.2,0.33594846725463867,0.0017665453306916687,0.2545138888888889,0.009691523434594274,0.04546571522951126,11.59678291744656,0.019991143,1.099895271062851,360.0
19448,142082048,7305,271,1835,0.03516822308301926,0.0001,0.2,0.015338361263275146,0.010406600910105876,0.20093889508928572,0.007586894225262638,0.04543961584568024,11.601035338810512,0.014841331,1.099895271062851,360.0
19462,142606336,7327,272,1836,0.07186692208051682,0.0001,0.2,0.9045224636793137,0.0006095238975831307,0.2058837890625,0.021024309238418935,0.045428451150655746,11.601485538482667,0.019109845,1.099895271062851,360.0
19471,143130624,7350,273,1840,0.03588208556175232,0.0001,0.2,0.27804046869277954,0.002061047101779192,0.2106599443202836,0.007643863589918578,0.045344531536102295,11.61196485488835,0.016848749,1.099895271062851,360.0
19471,143654912,7377,274,1848,0.013609830290079117,0.0001,0.2,0.8097714483737946,8.25058583799887e-05,0.19554948806762695,0.005055293196335242,0.04497190937399864,11.665212121792138,0.014042889,1.099895271062851,360.0
19470,144179200,7404,275,1856,0.020786484703421593,0.0001,0.2,0.3065418004989624,0.0019754562542289023,0.21649408340454102,0.007601451028051542,0.044900089502334595,11.67876323312521,0.015763763,1.099895271062851,360.0
19466,144703488,7433,276,1864,0.01571306400001049,0.0001,0.2,0.8434717059135437,7.765547290006225e-05,0.19972467422485352,0.004268463177652393,0.04457191377878189,11.723784354981035,0.014637651,1.0971663975715638,360.0
19481,145227776,7454,277,1865,0.033492524176836014,0.0001,0.2,0.11095267534255981,0.01273134360580068,0.2124537417763158,0.008764770029014662,0.044592153280973434,11.72664797933478,0.016517328,1.0971663975715638,360.0
19480,145752064,7481,278,1873,0.013914997689425945,0.0001,0.2,0.858651340007782,0.00011480690123022441,0.19610381126403809,0.005285182692091439,0.044275760650634766,11.764667166396976,0.013713626,1.0971663975715638,360.0
19494,146276352,7503,279,1874,0.028267456218600273,0.0001,0.2,0.35605013370513916,0.0019241447422515463,0.2068413628472222,0.008351255501448005,0.04423601180315018,11.770648514782941,0.015983464,1.0971663975715638,360.0
19494,146800640,7530,280,1882,0.01768575608730316,0.0001,0.2,0.8511334657669067,0.00010039102994952032,0.19306683540344238,0.004924442667061157,0.043906327337026596,11.8143774792552,0.013621001,1.0971663975715638,360.0
19505,147324928,7552,281,1884,0.023566128686070442,0.0001,0.2,0.3477783799171448,0.002003096393940511,0.2162622798102981,0.008116860409597878,0.043836694210767746,11.823667415112338,0.016752109,1.0971663975715638,360.0
19505,147849216,7579,282,1890,0.036957550793886185,0.0001,0.2,0.8749663233757019,8.727821075656011e-05,0.20106312639198218,0.004954548338210347,0.04351109266281128,11.87049737928882,0.014638528,1.0951485562324523,360.0
19517,148373504,7602,283,1892,0.019558100029826164,0.0001,0.2,0.21756750345230103,0.010455890821340756,0.2320384490184295,0.009462987441414347,0.04350338131189346,11.880766028012985,0.01843332,1.0951485562324523,360.0
19517,148897792,7629,284,1900,0.011170769110321999,0.0001,0.2,0.8146740943193436,0.00011835613028665648,0.22230195999145508,0.0016605446417088388,0.04329238831996918,11.910098343156278,0.0151639255,1.0951485562324523,360.0
19531,149422080,7650,285,1901,0.03221132606267929,0.0001,0.2,0.3879085183143616,0.0017739951435942203,0.173828125,0.006354630691930652,0.04328954219818115,11.910476922988892,0.014495545,1.0951485562324523,360.0
19530,149946368,7677,286,1909,0.009769909083843231,0.0001,0.2,0.8819906339049339,8.257872255867937e-05,0.2079458236694336,0.003251159977594398,0.04297275096178055,11.950176026206464,0.014980516,1.0951485562324523,360.0
19541,150470656,7700,287,1910,0.0394795797765255,0.0001,0.2,0.7142560184001923,0.0005961573637746783,0.23020241477272727,0.008111567575145851,0.04297313839197159,11.955004388635809,0.01918415,1.0974730229377747,360.0
19549,150994944,7723,288,1914,0.019539395347237587,0.0001,0.2,0.2410944104194641,0.009010536327948897,0.2239032080500618,0.008747955618140705,0.04293692111968994,11.95973925360643,0.016123682,1.0974730229377747,360.0
19562,151519232,7745,289,1915,0.04652673006057739,0.0001,0.2,0.6787348091602325,0.0001602638821558295,0.22248186383928573,0.01169006457951452,0.04288318753242493,11.96656586783273,0.017199844,1.0974730229377747,360.0
19575,152043520,7767,290,1916,0.037178099155426025,0.0001,0.2,0.2977975606918335,0.0020146141146389087,0.21785671027131784,0.008492441797383534,0.04285702854394913,11.973677176837773,0.0168152,1.0974730229377747,360.0
19586,152567808,7789,291,1918,0.03330645337700844,0.0001,0.2,0.8381900042295456,9.142152494556891e-05,0.19641764322916666,0.0056608009873889385,0.042606987059116364,11.997405131657919,0.014728668,1.0974730229377747,360.0
19598,153092096,7811,292,1919,0.027650343254208565,0.0001,0.2,0.313934326171875,0.0019624641281552613,0.2069091796875,0.00832162267761305,0.04255182668566704,12.017370128631592,0.015256244,1.0974730229377747,360.0
19594,153616384,7839,293,1927,0.018157394602894783,0.0001,0.2,0.8383154273033142,8.097939412010646e-05,0.20368671417236328,0.005062214575616508,0.042244069278240204,12.060278033372015,0.0142819565,1.0951688039302825,360.0
19606,154140672,7861,294,1928,0.0327756330370903,0.0001,0.2,0.2164425253868103,0.009515128232952622,0.2340115017361111,0.010347574054160051,0.042187150567770004,12.068084398905436,0.018205713,1.0951688039302825,360.0
19606,154664960,7888,295,1936,0.008901833556592464,0.0001,0.2,0.816988468170166,0.00011833157741847344,0.21869587898254395,0.003455742279356855,0.04197145625948906,12.102731546387076,0.015728531,1.0951688039302825,360.0
19618,155189248,7910,296,1937,0.032842908054590225,0.0001,0.2,0.31902533769607544,0.00214556458165809,0.2232232862903226,0.007905017314178328,0.04195421189069748,12.103830214469664,0.016830206,1.0951688039302825,360.0
19617,155713536,7937,297,1945,0.015259414911270142,0.0001,0.2,0.8469083160161972,9.99733905295841e-05,0.20293641090393066,0.005881191444530032,0.04166358709335327,12.141300137154758,0.015052319,1.0951688039302825,360.0
19629,156237824,7959,298,1946,0.03850169479846954,0.0001,0.2,0.32564717531204224,0.002172576490899219,0.23263442095588235,0.009395774223786943,0.04162466153502464,12.146307053285486,0.01784686,1.0951688039302825,360.0
19626,156762112,7987,299,1954,0.015641063451766968,0.0001,0.2,0.8527674973011017,8.454455356243784e-05,0.2043454647064209,0.004665224609539109,0.04135213792324066,12.193184730131179,0.01416545,1.093435435295105,360.0
19638,157286400,8008,300,1955,0.02865184284746647,0.0001,0.2,0.34500372409820557,0.008333627777617602,0.24103655133928573,0.00942507137854894,0.04134248197078705,12.196415674118768,0.019104434,1.093435435295105,360.0
19649,157810688,8031,301,1957,0.04025983065366745,0.0001,0.2,0.2391752004623413,0.0019290070571444907,0.21171817385693215,0.00833180919976405,0.041295044124126434,12.20061100197401,0.015149901,1.093435435295105,360.0
19661,158334976,8053,302,1958,0.045338552445173264,0.0001,0.2,0.8720952868461609,0.0003398509680454691,0.18096454326923078,0.014180204078841668,0.04129081591963768,12.206958624032827,0.016465332,1.093435435295105,360.0
19673,158859264,8074,303,1959,0.021593699231743813,0.0001,0.2,0.3283453583717346,0.0023156860067198672,0.1680908203125,0.004953383041235308,0.04128164052963257,12.207974195480347,0.017829688,1.093435435295105,360.0
19681,159383552,8098,304,1961,0.024448513984680176,0.0001,0.2,0.8747624903917313,8.922874298087332e-05,0.1935894034501445,0.006722605147942729,0.04106033965945244,12.2311152061286,0.014945384,1.096417989730835,360.0
19692,159907840,8120,305,1962,0.034008536487817764,0.0001,0.2,0.2495788335800171,0.008905930136788195,0.23026598914194915,0.009738643182110105,0.04099427908658981,12.247020632533705,0.018200887,1.096417989730835,360.0
19693,160432128,8146,306,1969,0.02992400899529457,0.0001,0.2,0.8318765014410019,9.714140717784805e-05,0.20441747561732904,0.006682952230946993,0.0408368781208992,12.280332326192315,0.014655142,1.096417989730835,360.0
19704,160956416,8168,307,1970,0.031624287366867065,0.0001,0.2,0.3288191556930542,0.0020659085871143775,0.21293501420454544,0.009019405644556338,0.040836986154317856,12.282548297535289,0.01640029,1.096417989730835,360.0
19716,161480704,8190,308,1971,0.031261492520570755,0.0001,0.2,0.8329647481441498,0.00015584848361180687,0.20756716844512196,0.008368651873840973,0.04073894023895264,12.290379245106767,0.015186514,1.096417989730835,360.0
19727,162004992,8212,309,1972,0.03316347301006317,0.0001,0.2,0.3150714039802551,0.0020184182149760826,0.22134316934121623,0.009347843012545962,0.04072056710720062,12.299541988888302,0.016604273,1.096417989730835,360.0
19731,162529280,8236,310,1975,0.03467676416039467,0.0001,0.2,0.8068668246269226,9.765747914165124e-05,0.19270336953250403,0.005930868866905737,0.040428273379802704,12.333829019463847,0.014046923,1.0967342817783357,360.0
19743,163053568,8258,311,1976,0.024289028719067574,0.0001,0.2,0.22395318746566772,0.010525985745092233,0.23224283854166666,0.009266819354767602,0.04043567180633545,12.34855531056722,0.01849955,1.0967342817783357,360.0
19751,163577856,8281,312,1979,0.03146422654390335,0.0001,0.2,0.8449073284864426,0.00012017468466450844,0.20457835477941178,0.00471295246838772,0.04018321633338928,12.376489842839602,0.014564227,1.0967342817783357,360.0
19762,164102144,8303,313,1980,0.03930899128317833,0.0001,0.2,0.3245680332183838,0.0022132786243480255,0.23400792331560283,0.01008197748439109,0.04017376899719238,12.388464920909692,0.017835852,1.0967342817783357,360.0
19774,164626432,8325,314,1981,0.036042530089616776,0.0001,0.2,0.8391637653112411,0.0006779614341212437,0.20458984375,0.011505596688948572,0.04017452895641327,12.389913082122803,0.018168075,1.0967342817783357,360.0
19782,165150720,8348,315,1982,0.033355701714754105,0.0001,0.2,0.35091930627822876,0.0019820723615294276,0.2377284026342975,0.00908094390934287,0.04014378413558006,12.390100865324667,0.018179232,1.099611715078354,360.0
19791,165675008,8370,316,1984,0.037771254777908325,0.0001,0.2,0.020680367946624756,0.009696050589077902,0.21749074835526316,0.008800709319597385,0.04014141112565994,12.39602059290224,0.015965367,1.099611715078354,360.0
19803,166199296,8392,317,1985,0.04517108574509621,0.0001,0.2,0.950358334928751,0.00039217530537561903,0.20046307963709678,0.02001196025840698,0.040129274129867554,12.397474258176741,0.020257045,1.099611715078354,360.0
19813,166723584,8414,318,1987,0.03925710171461105,0.0001,0.2,0.2692083716392517,0.002247746497830343,0.22334122405035337,0.009022082328835878,0.04011450707912445,12.402124559921427,0.014981758,1.099611715078354,360.0
19811,167247872,8441,319,1995,0.0237258430570364,0.0001,0.2,0.7713938057422638,9.912367194431226e-05,0.20407772064208984,0.0063520889984260975,0.03986267372965813,12.437948383856565,0.015039036,1.099611715078354,360.0
19821,167772160,8464,320,1997,0.03370782360434532,0.0001,0.2,0.28766685724258423,0.0021577843837739473,0.21956013866559485,0.008850193726964942,0.03981969878077507,12.446491992741919,0.018344572,1.099611715078354,360.0
19823,168296448,8489,321,2001,0.03607504442334175,0.0001,0.2,0.7788301855325699,9.799286423955556e-05,0.20314574562823834,0.006725467159774714,0.03953656181693077,12.487845239985175,0.015480925,1.0999592435359955,360.0
19834,168820736,8511,322,2002,0.030660957098007202,0.0001,0.2,0.1695454716682434,0.010533749377207151,0.22437686011904762,0.010906513684266617,0.03951020538806915,12.49574169280037,0.017834598,1.0999592435359955,360.0
19839,169345024,8535,323,2006,0.03014741837978363,0.0001,0.2,0.8104061335325241,0.00012825991718763235,0.22231369413860103,0.004774148403811678,0.03924135863780975,12.529371519533465,0.016225126,1.0999592435359955,360.0
19849,169869312,8557,324,2008,0.033246248960494995,0.0001,0.2,0.3218280076980591,0.0020053418369507165,0.2292641962548638,0.008919272109764675,0.03923989459872246,12.542245642220463,0.033856027,1.0999592435359955,360.0
19847,170393600,8585,325,2016,0.025340022519230843,0.0001,0.2,0.8046178221702576,0.00010988686133828196,0.20235371589660645,0.006771519837627693,0.03901897370815277,12.579477166291326,0.014513993,1.0999592435359955,360.0
19858,170917888,8606,326,2017,0.030075788497924805,0.0001,0.2,0.3157406449317932,0.0021489043015447493,0.22549277857730263,0.008895401554917427,0.039003126323223114,12.583444049483852,0.017152222,1.0999592435359955,360.0
19864,171442176,8630,327,2019,0.029412606731057167,0.0001,0.2,0.8146601915359497,0.00010836556377066009,0.19504081043287938,0.0064417424091728626,0.03884192556142807,12.601013725369821,0.033613935,1.1001703560352325,360.0
19875,171966464,8652,328,2020,0.023495180532336235,0.0001,0.2,0.2476869821548462,0.010571809788234531,0.2142822265625,0.007570557075086981,0.03882710635662079,12.612554216384888,0.016975824,1.1001703560352325,360.0
19884,172490752,8674,329,2021,0.04246418550610542,0.0001,0.2,0.8445617407560349,0.0001373427069635939,0.23016022063873626,0.006457424915784581,0.03871196508407593,12.623880129594069,0.016300114,1.1001703560352325,360.0
19895,173015040,8696,330,2022,0.033465899527072906,0.0001,0.2,0.37209582328796387,0.0019545353716239333,0.248802707619863,0.009717128733938483,0.038730256259441376,12.632448509947894,0.019473918,1.1001703560352325,360.0
19894,173539328,8722,331,2030,0.019576875492930412,0.0001,0.2,0.8550081551074982,8.115943785720469e-05,0.208212931700184,0.006574239564012172,0.038460325449705124,12.670406644903398,0.01646472,1.1001703560352325,360.0
19902,174063616,8745,332,2031,0.03686879947781563,0.0001,0.2,0.6896682679653168,0.0005338379786076859,0.22780845905172414,0.009310775757606688,0.03844683617353439,12.675510274952856,0.01939424,1.1006360864639282,360.0
19913,174587904,8767,333,2032,0.02411026321351528,0.0001,0.2,0.23221856355667114,0.010567218475043773,0.22302734375,0.010720110088586808,0.03845340758562088,12.675955963134765,0.018637633,1.1006360864639282,360.0
19923,175112192,8789,334,2033,0.03900917246937752,0.0001,0.2,0.7428615689277649,0.00031767321678881463,0.21146334134615385,0.016160079869083487,0.03844942897558212,12.676123545720028,0.018857928,1.1006360864639282,360.0
19934,175636480,8810,335,2034,0.027861617505550385,0.0001,0.2,0.31767386198043823,0.0023351401649415494,0.2093359375,0.007272677142173052,0.03843402862548828,12.677783737182617,0.016010541,1.1006360864639282,360.0
19935,176160768,8836,336,2041,0.029645415022969246,0.0001,0.2,0.8760862201452255,6.859796270123312e-05,0.2098608668469421,0.006896846875364764,0.038218602538108826,12.714128748658577,0.030045755,1.1006360864639282,360.0
19945,176685056,8858,337,2042,0.025459090247750282,0.0001,0.2,0.3228316903114319,0.0021923469192937344,0.23325841567095587,0.00960763475878219,0.03822409361600876,12.720324362025542,0.01754667,1.1006360864639282,360.0
19951,177209344,8881,338,2043,0.03226613253355026,0.0001,0.2,0.865718737244606,8.148124632296256e-05,0.21394630714699073,0.008206394220771338,0.03805188089609146,12.738483548164368,0.015432402,1.1000052070617676,360.0
19961,177733632,8903,339,2044,0.02067086659371853,0.0001,0.2,0.24696117639541626,0.009338224552468292,0.23091634114583334,0.009712488225583607,0.038063108921051025,12.752044823434618,0.01826281,1.1000052070617676,360.0
19962,178257920,8929,340,2051,0.030123615637421608,0.0001,0.2,0.846029594540596,0.0001045340186071651,0.2322108928973858,0.0038664687768127457,0.03789650648832321,12.778945036805593,0.01682518,1.1000052070617676,360.0
19968,178782208,8953,341,2054,0.03544723615050316,0.0001,0.2,0.31765711307525635,0.002226282567605952,0.2357644070400281,0.009616638500743095,0.03783346712589264,12.78480491879281,0.01759813,1.1000052070617676,360.0
19978,179306496,8975,342,2055,0.029809409752488136,0.0001,0.2,0.8537321537733078,0.0001448265374583079,0.19418417440878377,0.0068874883062734794,0.03777994215488434,12.794838544484731,0.013973,1.1000052070617676,360.0
19988,179830784,8996,343,2056,0.03628449887037277,0.0001,0.2,0.32393282651901245,0.0022715920815244315,0.2068115234375,0.009267454594373703,0.037766553461551666,12.801673364639282,0.016145298,1.1000052070617676,360.0
19992,180355072,9020,344,2058,0.027001652866601944,0.0001,0.2,0.8543425500392914,8.190040989575209e-05,0.19846089680989584,0.006309170802220858,0.03752253204584122,12.829880088567734,0.014371061,1.0997572445869446,360.0
20003,180879360,9042,345,2059,0.03128112107515335,0.0001,0.2,0.3373435139656067,0.009039464894504775,0.24537295386904762,0.008919328872469209,0.037529684603214264,12.843442235674177,0.019119099,1.0997572445869446,360.0
20009,181403648,9066,346,2062,0.026608848944306374,0.0001,0.2,0.24134773015975952,0.0020098293737197915,0.229349609375,0.009618754707897702,0.0375472791492939,12.848490306854249,0.01724343,1.0997572445869446,360.0
20019,181927936,9087,347,2063,0.035019829869270325,0.0001,0.2,0.8751964345574379,0.00030207851086743175,0.197802734375,0.011393524752929807,0.037541866302490234,12.848613739013672,0.017465085,1.0997572445869446,360.0
20029,182452224,9109,348,2064,0.020624136552214622,0.0001,0.2,0.3141500949859619,0.002550575853092596,0.15924072265625,0.005134050763444975,0.03753848373889923,12.848824977874756,0.017971506,1.0997572445869446,360.0
20035,182976512,9132,349,2065,0.029996808618307114,0.0001,0.2,0.8812646344304085,0.0001131267311724956,0.22009163259345793,0.008945839209743192,0.037423521280288696,12.857938490181326,0.016184565,1.1023546528816224,360.0
20044,183500800,9154,350,2066,0.026291629299521446,0.0001,0.2,0.27433687448501587,0.008370127420402268,0.24136026623179613,0.009993550763239415,0.0373704768717289,12.868539421303758,0.018938659,1.1023546528816224,360.0
20054,184025088,9176,351,2067,0.03240542113780975,0.0001,0.2,0.8130678534507751,0.000294897120056703,0.22454833984375,0.00992135240812786,0.037362292408943176,12.872169435024261,0.017021215,1.1023546528816224,360.0
20064,184549376,9198,352,2068,0.03397770971059799,0.0001,0.2,0.3109331727027893,0.00219397753028682,0.2105516975308642,0.008515580042759761,0.03731342405080795,12.875364962919258,0.015706297,1.1023546528816224,360.0
20073,185073664,9219,353,2069,0.0359453409910202,0.0001,0.2,0.8314227312803268,0.00012479225476932492,0.21203990818298968,0.008579285294489609,0.03721698001027107,12.886997970109134,0.015328047,1.1023546528816224,360.0
20081,185597952,9242,354,2071,0.03017391823232174,0.0001,0.2,0.31139057874679565,0.0020811429385980715,0.22885524319225722,0.009486401003841653,0.03719879314303398,12.897104823996075,0.01696236,1.1023546528816224,360.0
20079,186122240,9269,355,2078,0.03546938672661781,0.0001,0.2,0.8358991295099258,7.78902625278327e-05,0.2203169933857362,0.005687032134966365,0.03697519749403,12.932462078515737,0.016557142,1.099878695011139,360.0
20089,186646528,9290,356,2079,0.026280982419848442,0.0001,0.2,0.24655479192733765,0.009656162361525708,0.22854468936011904,0.009033581901652118,0.03698880597949028,12.93868603025164,0.01827006,1.099878695011139,360.0
20098,187170816,9312,357,2080,0.03162158653140068,0.0001,0.2,0.8323051184415817,0.00035355097497813404,0.198944091796875,0.0056375558488070965,0.03698289394378662,12.93858790397644,0.014450375,1.099878695011139,360.0
20108,187695104,9334,358,2081,0.033581700176000595,0.0001,0.2,0.3053692579269409,0.0024548016001724386,0.2481060606060606,0.009697513707744127,0.036983001977205276,12.938780264420943,0.018751059,1.099878695011139,360.0
20117,188219392,9355,359,2082,0.0346236489713192,0.0001,0.2,0.8524145931005478,0.00012788381622828493,0.20176295230263158,0.007498184942003144,0.03691522777080536,12.943425969073648,0.014323278,1.099878695011139,360.0
20124,188743680,9378,360,2083,0.03877803683280945,0.0001,0.2,0.3391100764274597,0.0021699495846405625,0.2093505859375,0.008814340457320213,0.036908458918333054,12.950607299804688,0.016627751,1.1000208520889283,360.0
20133,189267968,9400,361,2084,0.036404818296432495,0.0001,0.2,0.022152304649353027,0.009211709603984305,0.22726375498670212,0.009860481910823666,0.03686892241239548,12.953408089089901,0.017083135,1.1000208520889283,360.0
20142,189792256,9422,362,2085,0.03727727755904198,0.0001,0.2,0.9540606029331684,0.0003966587559821514,0.18870192307692307,0.017533465575140256,0.03686222434043884,12.958105454078087,0.018721594,1.1000208520889283,360.0
20151,190316544,9444,363,2086,0.029929446056485176,0.0001,0.2,0.2821802496910095,0.0024716303980147295,0.1826171875,0.006721700859171423,0.036859672516584396,12.958469477566807,0.01650889,1.1000208520889283,360.0
20160,190840832,9466,364,2087,0.03395947068929672,0.0001,0.2,0.8042193800210953,0.00014195014866547555,0.21276041666666667,0.008969414733453758,0.0367935411632061,12.963972081078424,0.016212396,1.1000208520889283,360.0
20169,191365120,9488,365,2088,0.03436053916811943,0.0001,0.2,0.294935405254364,0.0022623104759435537,0.22154282078598486,0.0091489202671007,0.03675224632024765,12.973158540147724,0.01678397,1.1000208520889283,360.0
20173,191889408,9512,366,2090,0.032564979046583176,0.0001,0.2,0.8223225027322769,8.509559333154137e-05,0.21905444394484413,0.008330558935332176,0.03658532723784447,12.99604474897865,0.016933018,1.100937283039093,360.0
20182,192413696,9533,367,2091,0.04222148656845093,0.0001,0.2,0.24843287467956543,0.009167481954632834,0.25664173473011365,0.011750772023912181,0.03658629208803177,13.003512566739863,0.020599788,1.100937283039093,360.0
20183,192937984,9559,368,2097,0.027855724096298218,0.0001,0.2,0.8125103116035461,0.00011098252622397775,0.22303193191002155,0.006628037992852804,0.036379434168338776,13.0370804551004,0.016539635,1.100937283039093,360.0
20191,193462272,9581,369,2098,0.028039881959557533,0.0001,0.2,0.3150618076324463,0.002158389913357711,0.24051691976825842,0.010204701820451223,0.036356326192617416,13.043974431712975,0.018642994,1.100937283039093,360.0
20198,193986560,9604,370,2100,0.0393950380384922,0.0001,0.2,0.804961547255516,0.00011830054855261765,0.2052899528952206,0.008023565017056707,0.036199234426021576,13.0639228645493,0.015913684,1.100937283039093,360.0
20206,194510848,9626,371,2101,0.03817572072148323,0.0001,0.2,0.30601489543914795,0.002224471454151125,0.23335404829545456,0.009914305300988031,0.036155816167593,13.077890974102598,0.01780601,1.100937283039093,360.0
20205,195035136,9652,372,2106,0.034453004598617554,0.0001,0.2,0.7962628155946732,9.314543891605353e-05,0.21501235961914061,0.006802698870069434,0.035940878093242645,13.114584713429213,0.015297964,1.1033216214179993,360.0
20214,195559424,9674,373,2107,0.03218680992722511,0.0001,0.2,0.27607035636901855,0.010424401252888717,0.23272235576923078,0.009115790028889209,0.035934120416641235,13.123313047947027,0.018489014,1.1033216214179993,360.0
20218,196083712,9698,374,2111,0.0395769439637661,0.0001,0.2,0.8193770796060562,0.00010891023941433948,0.21976025551067907,0.0070110645267841085,0.03573940694332123,13.15566749718991,0.016096761,1.1033216214179993,360.0
20227,196608000,9719,375,2112,0.02884756401181221,0.0001,0.2,0.34495067596435547,0.0020903537968277102,0.2402615017361111,0.010115034050411649,0.03573346510529518,13.163038041856554,0.019126713,1.1033216214179993,360.0
20234,197132288,9742,376,2114,0.03550668805837631,0.0001,0.2,0.8340180814266205,8.893595190688315e-05,0.2168082064214135,0.00797070471008941,0.035514459013938904,13.18695783011521,0.016225964,1.1033216214179993,360.0
20240,197656576,9765,377,2115,0.018488377332687378,0.0001,0.2,0.6668615639209747,0.0007362132746493444,0.1927490234375,0.0028905895305797458,0.035513006150722504,13.20070743560791,0.01664896,1.104347984790802,360.0
20249,198180864,9787,378,2116,0.036092109978199005,0.0001,0.2,0.22527974843978882,0.010900134808923068,0.23699629934210525,0.010885366802348903,0.035501860082149506,13.20166055779708,0.019081349,1.104347984790802,360.0
20257,198705152,9808,379,2117,0.05916069447994232,0.0001,0.2,0.6842274069786072,0.00045355851276932907,0.1920166015625,0.011928590557848414,0.035491492599248886,13.20289659500122,0.01658765,1.104347984790802,360.0
20266,199229440,9830,380,2118,0.033430442214012146,0.0001,0.2,0.3028864860534668,0.002485372836235911,0.2588134765625,0.013046278967522085,0.035501476377248764,13.20338077545166,0.022294784,1.104347984790802,360.0
20274,199753728,9852,381,2119,0.037666186690330505,0.0001,0.2,0.8231753408908844,0.00012901230104489514,0.2170257568359375,0.008698834824826918,0.035428836941719055,13.211635649204254,0.015631132,1.104347984790802,360.0
20282,200278016,9874,382,2120,0.031835976988077164,0.0001,0.2,0.31689006090164185,0.002203110641632113,0.24256053474378883,0.010261343168788907,0.035432763397693634,13.220152523206627,0.018662063,1.104347984790802,360.0
20287,200802304,9897,383,2121,0.031768716871738434,0.0001,0.2,0.8231413811445236,0.0001104805350172773,0.21144701086956522,0.00815226168730383,0.03536064177751541,13.229094748171219,0.015172873,1.104202984571457,360.0
20296,201326592,9919,384,2122,0.03487225994467735,0.0001,0.2,0.28855305910110474,0.008621021101749698,0.25332856514084506,0.0113987711940328,0.03537002205848694,13.236271925375496,0.020096844,1.104202984571457,360.0
20304,201850880,9940,385,2123,0.03863902762532234,0.0001,0.2,0.8335500508546829,0.000858239975059405,0.1973876953125,0.01248650997877121,0.035369813442230225,13.234087228775024,0.017064855,1.104202984571457,360.0
20312,202375168,9962,386,2124,0.03594997152686119,0.0001,0.2,0.32167696952819824,0.002329794352539302,0.23556004213483145,0.00998110704129206,0.03531479835510254,13.236742839384615,0.017869813,1.104202984571457,360.0
20317,202899456,9986,387,2127,0.03679337352514267,0.0001,0.2,0.8123154640197754,0.00012190874188415061,0.21471150716145834,0.008216112515583518,0.035166285932064056,13.26409742111961,0.0156220505,1.104202984571457,360.0
20325,203423744,10008,388,2128,0.03341074660420418,0.0001,0.2,0.3229218125343323,0.002361232356633991,0.1976318359375,0.009808668051846325,0.035165805369615555,13.27150845527649,0.017153999,1.104202984571457,360.0
20330,203948032,10031,389,2130,0.0377814956009388,0.0001,0.2,0.8409966975450516,0.0001072334762761188,0.20513115929307116,0.008400611539305037,0.035025257617235184,13.28690814257561,0.017910339,1.101960072517395,360.0
20338,204472320,10053,390,2131,0.03487308695912361,0.0001,0.2,0.37287551164627075,0.008397860633623268,0.2278374565972222,0.011577749327342544,0.03502499684691429,13.298664093017578,0.017894095,1.101960072517395,360.0
20346,204996608,10075,391,2132,0.042669668793678284,0.0001,0.2,0.20275020599365234,0.0021339103334105094,0.21719277871621623,0.009696764773940918,0.03502820432186127,13.297191117260907,0.016182456,1.101960072517395,360.0
20354,205520896,10096,392,2133,0.040932927280664444,0.0001,0.2,0.8549458831548691,0.0003556473197282425,0.22401646205357142,0.014104648975522391,0.03502983972430229,13.297619887760707,0.01896366,1.101960072517395,360.0
20363,206045184,10118,393,2134,0.028791313990950584,0.0001,0.2,0.30705320835113525,0.0025724565202835947,0.21502685546875,0.008125764492433518,0.035028595477342606,13.297848105430603,0.018183786,1.101960072517395,360.0
20368,206569472,10141,394,2135,0.035995010286569595,0.0001,0.2,0.8452128469944,0.0003111308178631589,0.2022970448369565,0.009158321555056002,0.03501641005277634,13.29868341528851,0.015544228,1.1057190716266632,360.0
20376,207093760,10163,395,2136,0.03302706032991409,0.0001,0.2,0.27730560302734375,0.009079367655547375,0.24510679853723405,0.01030683777037453,0.03501041978597641,13.301475139374428,0.018860903,1.1057190716266632,360.0
20384,207618048,10185,396,2137,0.025957945734262466,0.0001,0.2,0.7809143662452698,0.00017811220178763117,0.22444893973214286,0.01217863084415772,0.03496381640434265,13.306667831965855,0.017679216,1.1057190716266632,360.0
20392,208142336,10206,397,2138,0.03684777766466141,0.0001,0.2,0.3197026252746582,0.0022584883496165275,0.24830228365384616,0.011757342159174955,0.03492730110883713,13.31059828538161,0.019475456,1.1057190716266632,360.0
20399,208666624,10229,398,2139,0.039341818541288376,0.0001,0.2,0.8199382275342941,0.00011333617861536742,0.21352491191789216,0.008924359691959313,0.034823089838027954,13.323655703488518,0.015424425,1.1057190716266632,360.0
20405,209190912,10251,399,2141,0.027072645723819733,0.0001,0.2,0.311969518661499,0.0022553071270094197,0.23817089541408668,0.009648322415373781,0.034781891852617264,13.335891112454535,0.021647012,1.1057190716266632,360.0
20410,209715200,10274,400,2142,0.038985345512628555,0.0001,0.2,0.830544963479042,0.0001507126421130491,0.22012061403508773,0.008288774010316845,0.034754157066345215,13.339205691688939,0.015992606,1.099706449508667,360.0
