time/total_timesteps,time/iterations,time/time_elapsed,time/fps,train/value_loss,train/loss,train/clip_range,train/clip_fraction,train/std,train/n_updates,train/learning_rate,train/policy_gradient_loss,train/approx_kl,train/explained_variance,train/entropy_loss,rollout/ep_rew_mean,rollout/ep_len_mean
524288,1,36,14289,,,,,,,,,,,,,
1048576,2,80,13055,0.1319429800787475,-0.08545323461294174,0.2,0.10510039329528809,1.0035147666931152,8,0.0001,-0.009877026596768701,0.008658925,-0.04932272434234619,-8.531045991927385,,
1572864,3,124,12657,0.035024756463826634,-0.08954568207263947,0.2,0.0661768913269043,1.0069423913955688,16,0.0001,-0.005200976447213179,0.006255885,0.385126531124115,-8.54989816620946,,
2097152,4,167,12552,0.010867476335988613,-0.08774799853563309,0.2,0.046053171157836914,1.0110664367675781,24,0.0001,-0.0033526522438478423,0.005177284,0.5801463723182678,-8.572063401341438,,
2621440,5,209,12525,0.006494685601865058,-0.08896041661500931,0.2,0.032242774963378906,1.0161411762237549,32,0.0001,-0.002711042075588921,0.0043282188,0.6051192283630371,-8.599986508488655,,
3145728,6,248,12659,0.003681699232402025,-0.0876726508140564,0.2,0.033864736557006836,1.0214836597442627,40,0.0001,-0.0028601280027942266,0.004520572,0.7129804193973541,-8.630086615681648,-3.1426262521743773,360.0
3670016,7,281,13031,0.0037466512540049735,-0.08854232728481293,0.2,0.0263516902923584,1.0256906747817993,48,0.0001,-0.0020450189520033746,0.0039251344,0.38089263439178467,-8.657583925873041,-3.1426262521743773,360.0
4194304,8,323,12969,0.0010705143308769038,-0.09221391379833221,0.2,0.0659341812133789,1.0266520977020264,56,0.0001,-0.006025609020070988,0.00600902,0.7756734192371368,-8.669488471001387,-3.1426262521743773,360.0
4718592,9,369,12756,0.0027311067542541423,-0.08957122266292572,0.2,0.026564836502075195,1.0299686193466187,64,0.0001,-0.002214282187196659,0.004115112,0.4788702726364136,-8.684049107134342,-3.1426262521743773,360.0
5242880,10,419,12498,0.0015132706671465712,-0.08939935266971588,0.2,0.029574871063232422,1.0367013216018677,72,0.0001,-0.0026218566417810507,0.004051746,0.6512230336666107,-8.715349085628986,-3.1426262521743773,360.0
5767168,11,470,12249,0.002466392083078972,-0.08831474930047989,0.2,0.01999378204345703,1.0422248840332031,80,0.0001,-0.0017915013188485318,0.0036834262,0.557760626077652,-8.749988846480846,-3.1426262521743773,360.0
6291456,12,509,12345,0.0015031966772767191,-0.09110017865896225,0.2,0.021918535232543945,1.0474953651428223,88,0.0001,-0.002031416621775861,0.00358325,0.7563802897930145,-8.780434131622314,-3.120435197353363,360.0
6815744,13,549,12406,0.001961599720743834,-0.09167363494634628,0.2,0.0496060848236084,1.0488463640213013,96,0.0001,-0.003645728087576572,0.0052511827,0.48850494623184204,-8.796060103923082,-3.120435197353363,360.0
7340032,14,603,12153,0.0007786699591179058,-0.09502962976694107,0.2,0.06588578224182129,1.0513399839401245,104,0.0001,-0.005812235317989689,0.0060402257,0.8278675824403763,-8.807485669851303,-3.120435197353363,360.0
7864320,15,655,11989,0.0019618424389591382,-0.0910787358880043,0.2,0.029392719268798828,1.0586276054382324,112,0.0001,-0.0023431589661413454,0.004176487,0.7132039964199066,-8.84061699733138,-3.120435197353363,360.0
8388608,16,705,11885,0.0010781025996493554,-0.09226366877555847,0.2,0.038178443908691406,1.0626397132873535,120,0.0001,-0.003308497716943748,0.004801288,0.8562567830085754,-8.868625190109015,-3.120435197353363,360.0
8912896,17,754,11814,0.0014561955285898875,-0.09294366836547852,0.2,0.03396964073181152,1.0651277303695679,128,0.0001,-0.0030024162824702216,0.004628402,0.854621633887291,-8.88535039126873,-3.026000679731369,360.0
9437184,18,788,11971,0.003662003362478572,-0.08937959372997284,0.2,0.02059197425842285,1.0693814754486084,136,0.0001,-0.0015053952893140377,0.003697593,0.6272766590118408,-8.90489336848259,-3.026000679731369,360.0
9961472,19,830,11990,0.000555331734290121,-0.09672379493713379,0.2,0.07769775390625,1.0654804706573486,144,0.0001,-0.007038472254862427,0.006720883,0.8649707436561584,-8.896189231425524,-3.026000679731369,360.0
10485760,20,878,11940,0.0023091532430044026,-0.09105472266674042,0.2,0.023135662078857422,1.069854974746704,152,0.0001,-0.001979244754920728,0.0037522416,0.6806734204292297,-8.905575349926949,-3.026000679731369,360.0
11010048,21,924,11909,0.0009244689597380784,-0.0921517089009285,0.2,0.03285694122314453,1.073829174041748,160,0.0001,-0.002904880613186833,0.004427759,0.8461967408657074,-8.929454535245895,-3.026000679731369,360.0
11534336,22,968,11904,0.0023858974573158775,-0.0921204462647438,0.2,0.018666744232177734,1.0773710012435913,168,0.0001,-0.001688365189011165,0.0035429383,0.7299341857433319,-8.950505245476961,-3.026000679731369,360.0
12058624,23,1008,11957,0.001015524856711636,-0.09292910248041153,0.2,0.028834104537963867,1.0814288854599,176,0.0001,-0.0029260714377414843,0.0041685365,0.8701689392328262,-8.971123799681664,-2.7579655170440676,360.0
12582912,24,1044,12045,0.003218443521291192,-0.0925668254494667,0.2,0.04018735885620117,1.0834934711456299,184,0.0001,-0.002397449527052231,0.0047462983,0.7279869616031647,-8.98522949591279,-2.7579655170440676,360.0
13107200,25,1088,12039,0.0005423093613217134,-0.0974893569946289,0.2,0.07106685638427734,1.078187108039856,192,0.0001,-0.007010013319359132,0.0066126627,0.9012906104326248,-8.967991851270199,-2.7579655170440676,360.0
13631488,26,1135,11999,0.0027005714146071114,-0.0914265513420105,0.2,0.026657581329345703,1.0828889608383179,200,0.0001,-0.0021622525946440874,0.0040740664,0.7648647874593735,-8.978024423122406,-2.7579655170440676,360.0
14155776,27,1183,11964,0.00072741905228213,-0.09377648681402206,0.2,0.033643245697021484,1.0849136114120483,208,0.0001,-0.0034185871656973177,0.00438327,0.9178898856043816,-8.993949014693499,-2.7579655170440676,360.0
14680064,28,1229,11935,0.0026835574835786247,-0.09280326217412949,0.2,0.025870084762573242,1.088371753692627,216,0.0001,-0.0022903991266503,0.0040385174,0.8235480636358261,-9.009954653680325,-2.7579655170440676,360.0
15204352,29,1265,12014,0.0008139280416799011,-0.09576056897640228,0.2,0.03958272933959961,1.0876349210739136,224,0.0001,-0.0044710102629323956,0.0050325263,0.9350490644574165,-9.012625388801098,-2.472364500761032,360.0
15728640,30,1304,12057,0.002303202322764264,-0.09385932981967926,0.2,0.053185462951660156,1.087383508682251,232,0.0001,-0.0031304323183576344,0.0056514274,0.6951707899570465,-9.009809650480747,-2.472364500761032,360.0
16252928,31,1351,12029,0.0024082765494313207,-0.09116741269826889,0.2,0.0292813777923584,1.091792345046997,240,0.0001,-0.002084513610270733,0.0041792095,0.669233649969101,-9.024936590343714,-2.472364500761032,360.0
16777216,32,1398,11994,0.0008057441800701781,-0.09496623277664185,0.2,0.04667949676513672,1.09371018409729,248,0.0001,-0.004426524536029319,0.005132213,0.901367150247097,-9.040540017187595,-2.472364500761032,360.0
17301504,33,1446,11962,0.002348261860788625,-0.09325767308473587,0.2,0.0348970890045166,1.0965747833251953,256,0.0001,-0.002895724423979118,0.004559562,0.817611426115036,-9.05492788925767,-2.472364500761032,360.0
17825792,34,1491,11953,0.0009347811997031386,-0.09656934440135956,0.2,0.041211843490600586,1.0979514122009277,264,0.0001,-0.004232196172779368,0.004902426,0.9206004068255424,-9.064758006483316,-2.379046791791916,360.0
18350080,35,1524,12034,0.004133580645429902,-0.09265454113483429,0.2,0.034368038177490234,1.1035785675048828,272,0.0001,-0.0018220701379050297,0.0044642175,0.7159013152122498,-9.085344891995192,-2.379046791791916,360.0
18874368,36,1564,12062,0.00046685914264799067,-0.09787984192371368,0.2,0.08079028129577637,1.0971941947937012,280,0.0001,-0.007346073848566448,0.0071859397,0.8985313847661018,-9.069965470582247,-2.379046791791916,360.0
19398656,37,1607,12069,0.002807899620165699,-0.09356026351451874,0.2,0.029884815216064453,1.1001838445663452,288,0.0001,-0.00254496456977904,0.0041849106,0.771585002541542,-9.07205906137824,-2.379046791791916,360.0
19922944,38,1652,12055,0.0008887990520634048,-0.09579431265592575,0.2,0.04500460624694824,1.0995482206344604,296,0.0001,-0.004348885208401043,0.0050729937,0.9160345196723938,-9.074232742190361,-2.379046791791916,360.0
20447232,39,1698,12037,0.0028607045614990056,-0.09399135410785675,0.2,0.02380967140197754,1.1019304990768433,304,0.0001,-0.0022037314192857593,0.003791478,0.8402181416749954,-9.081986770033836,-2.379046791791916,360.0
20971520,40,1737,12068,0.0009044007649663399,-0.09592592716217041,0.2,0.03231000900268555,1.1023834943771362,312,0.0001,-0.0036035271969012683,0.004397908,0.9432400763034821,-9.086026348173618,-2.1068786787986755,360.0
21495808,41,1772,12130,0.002539991020967136,-0.09169717878103256,0.2,0.033173322677612305,1.10349702835083,320,0.0001,-0.001813757602349142,0.0044825976,0.6404000222682953,-9.092522069811821,-2.1068786787986755,360.0
22020096,42,1811,12156,0.00037636608567481744,-0.09578361362218857,0.2,0.044318199157714844,1.099723219871521,328,0.0001,-0.004712304013537505,0.0050458587,0.8877201601862907,-9.078610382974148,-2.1068786787986755,360.0
22544384,43,1856,12142,0.0020824733551307872,-0.09342839568853378,0.2,0.03169083595275879,1.1012157201766968,336,0.0001,-0.002331845653088749,0.0042001572,0.733534038066864,-9.07835964486003,-2.1068786787986755,360.0
23068672,44,1903,12120,0.00038101675738744234,-0.09730541706085205,0.2,0.05369734764099121,1.0998876094818115,344,0.0001,-0.005377768370181002,0.0055539757,0.9099788591265678,-9.073795408010483,-2.1068786787986755,360.0
23592960,45,1952,12086,0.0019730206390704552,-0.09248584508895874,0.2,0.02945876121520996,1.1012651920318604,352,0.0001,-0.00225529911904232,0.0042567784,0.8031463623046875,-9.07767055183649,-1.6958961844444276,360.0
24117248,46,1983,12158,0.0023430938681485713,-0.090189628303051,0.2,0.018221139907836914,1.1070278882980347,360,0.0001,-0.001231360338124432,0.0034102285,0.6237835884094238,-9.100100949406624,-1.6958961844444276,360.0
24641536,47,2018,12205,0.00024106298917558888,-0.09875119477510452,0.2,0.0673990249633789,1.0995750427246094,368,0.0001,-0.007009318957898358,0.0063178055,0.9407291486859322,-9.080930162221193,-1.6958961844444276,360.0
25165824,48,2056,12237,0.0023275773382920306,-0.0934739038348198,0.2,0.024239063262939453,1.1033804416656494,376,0.0001,-0.0016363883780741162,0.0037464795,0.5933414697647095,-9.081906203180552,-1.6958961844444276,360.0
25690112,49,2098,12243,0.0006103412379161455,-0.09775324165821075,0.2,0.06565189361572266,1.1022992134094238,384,0.0001,-0.00632278885859705,0.0061741197,0.9041352495551109,-9.082983553409576,-1.6958961844444276,360.0
26214400,50,2142,12237,0.0021946115484752227,-0.0920160636305809,0.2,0.0276029109954834,1.105971097946167,392,0.0001,-0.002179328441116013,0.0040970854,0.7408302128314972,-9.094904948025942,-1.6958961844444276,360.0
26738688,51,2184,12239,0.0006270868857427558,-0.09352605044841766,0.2,0.03236985206604004,1.1061136722564697,400,0.0001,-0.003052938324344723,0.0045035346,0.9163786023855209,-9.100905366241932,-1.6795335769653321,360.0
27262976,52,2216,12299,0.0020208325399835303,-0.09302947670221329,0.2,0.015508174896240234,1.1111482381820679,408,0.0001,-0.0010776960268685798,0.0030649998,0.6044447422027588,-9.118846978992224,-1.6795335769653321,360.0
27787264,53,2253,12330,0.00024994806307176987,-0.09684545546770096,0.2,0.05048227310180664,1.1079999208450317,416,0.0001,-0.005157624792900606,0.005277618,0.8837430626153946,-9.11631029099226,-1.6795335769653321,360.0
28311552,54,2295,12331,0.001727367519379186,-0.09262663871049881,0.2,0.02086186408996582,1.1107020378112793,424,0.0001,-0.0014566406758831363,0.0035123727,0.7154503762722015,-9.120200607925653,-1.6795335769653321,360.0
28835840,55,2342,12309,0.00024023060620947945,-0.09572458267211914,0.2,0.04774761199951172,1.110060453414917,432,0.0001,-0.004326660344759148,0.0053288424,0.9050444737076759,-9.120662700384855,-1.6795335769653321,360.0
29360128,56,2391,12277,0.001872260073923826,-0.09432488679885864,0.2,0.03178834915161133,1.113218069076538,440,0.0001,-0.0021344608060189785,0.0043319874,0.7438821196556091,-9.131821107119322,-1.6795335769653321,360.0
29884416,57,2429,12300,0.0002594823844219718,-0.09733715653419495,0.2,0.06282877922058105,1.1117068529129028,448,0.0001,-0.005624130738624444,0.006047862,0.9284622222185135,-9.130433313548565,-1.4396114879846573,360.0
30408704,58,2461,12351,0.0015441041900885466,-0.09411194175481796,0.2,0.04054450988769531,1.1128437519073486,456,0.0001,-0.0020600436055246973,0.004908153,0.7191152572631836,-9.131977446377277,-1.4396114879846573,360.0
30932992,59,2498,12378,0.00023142128441122622,-0.09559475630521774,0.2,0.043964385986328125,1.1070785522460938,464,0.0001,-0.004410527859818103,0.004937651,0.8564202338457108,-9.114618491381407,-1.4396114879846573,360.0
31457280,60,2537,12396,0.0020877372780887526,-0.09291345626115799,0.2,0.034497737884521484,1.1118555068969727,472,0.0001,-0.0022030191257726983,0.0044377157,0.6963054537773132,-9.119845889508724,-1.4396114879846573,360.0
31981568,61,2578,12404,0.0008414527587774501,-0.09556026011705399,0.2,0.04589366912841797,1.1168487071990967,480,0.0001,-0.0038678213229559333,0.005047816,0.8399488031864166,-9.14445897936821,-1.4396114879846573,360.0
32505856,62,2620,12403,0.001342740477866755,-0.0955704003572464,0.2,0.046395301818847656,1.1176828145980835,488,0.0001,-0.003919511796539155,0.0051873056,0.9057607352733612,-9.156047206372023,-1.5753662741184236,360.0
33030144,63,2651,12455,0.003308754621684784,-0.09332624077796936,0.2,0.028544902801513672,1.1218595504760742,496,0.0001,-0.0017338970720857105,0.004044134,0.763300895690918,-9.17279376834631,-1.5753662741184236,360.0
33554432,64,2686,12491,0.00022103138866214067,-0.10232290625572205,0.2,0.08374524116516113,1.116587519645691,504,0.0001,-0.008686424982442986,0.0068369517,0.8358162343502045,-9.157738946378231,-1.5753662741184236,360.0
34078720,65,2725,12501,0.0018652568301149586,-0.09549980610609055,0.2,0.030231714248657227,1.1180036067962646,512,0.0001,-0.002170216262811664,0.00417394,0.5940266847610474,-9.155516181141138,-1.5753662741184236,360.0
34603008,66,2770,12488,0.0002544895368714606,-0.09321846067905426,0.2,0.02538156509399414,1.1176438331604004,520,0.0001,-0.002180249618504604,0.0039036106,0.8678266108036041,-9.155377242714167,-1.5753662741184236,360.0
35127296,67,2819,12458,0.0017968442816709285,-0.09309867769479752,0.2,0.026257991790771484,1.121681809425354,528,0.0001,-0.0016788486493624077,0.00412619,0.6901329755783081,-9.168784905225039,-1.5753662741184236,360.0
35651584,68,2861,12457,0.00023173420890998386,-0.09595004469156265,0.2,0.06133580207824707,1.12260901927948,536,0.0001,-0.005255184719771933,0.005966013,0.9096363335847855,-9.177560187876225,-1.376075592637062,360.0
36175872,69,2893,12501,0.0014078196104492235,-0.09374475479125977,0.2,0.03648209571838379,1.1255582571029663,544,0.0001,-0.001821484952188257,0.004713113,0.6879311800003052,-9.189631465822458,-1.376075592637062,360.0
36700160,70,2927,12538,0.0002064377889610114,-0.0981864184141159,0.2,0.05524778366088867,1.122408390045166,552,0.0001,-0.005923729419464507,0.005649361,0.8715388476848602,-9.181097142398357,-1.376075592637062,360.0
37224448,71,2962,12565,0.0016556914897591923,-0.09379635006189346,0.2,0.024065256118774414,1.12485671043396,560,0.0001,-0.001458425198961777,0.0036267242,0.7104627788066864,-9.184570394456387,-1.376075592637062,360.0
37748736,72,2997,12592,0.00027613491818101465,-0.09733934700489044,0.2,0.03856611251831055,1.1243376731872559,568,0.0001,-0.0036621004744574748,0.0045348587,0.9050857350230217,-9.185066111385822,-1.376075592637062,360.0
38273024,73,3033,12616,0.0018716387262429635,-0.09428837895393372,0.2,0.024384260177612305,1.1283907890319824,576,0.0001,-0.0013788342234875017,0.0037003502,0.7227706015110016,-9.199584197252989,-1.376075592637062,360.0
38797312,74,3066,12652,0.00032419588308130187,-0.09650123864412308,0.2,0.03411388397216797,1.127884864807129,584,0.0001,-0.0033424662037759845,0.0044002486,0.8983321711421013,-9.20139890536666,-0.954901771247387,360.0
39321600,75,3098,12691,0.0011253623251832323,-0.0958172157406807,0.2,0.06868290901184082,1.1133906841278076,592,0.0001,-0.005079433429273195,0.0067201233,0.6465570628643036,-9.151284240186214,-0.954901771247387,360.0
39845888,76,3130,12727,0.0011930453206332459,-0.09548913687467575,0.2,0.05943799018859863,1.0992474555969238,600,0.0001,-0.005101558130718331,0.00610401,0.1455833911895752,-9.074901454150677,-0.954901771247387,360.0
40370176,77,3163,12759,0.00042823787225643173,-0.10084275901317596,0.2,0.09687399864196777,1.0799715518951416,608,0.0001,-0.009842312456385116,0.008231636,0.8727612793445587,-8.975656181573868,-0.954901771247387,360.0
40894464,78,3197,12791,0.0018889986467911513,-0.09324540197849274,0.2,0.05546975135803223,1.0687133073806763,616,0.0001,-0.00460392745981153,0.0060105133,0.5343228280544281,-8.904170833528042,-0.954901771247387,360.0
41418752,79,3231,12816,0.000357346707914985,-0.10044000297784805,0.2,0.11429286003112793,1.0481796264648438,624,0.0001,-0.012056123324327928,0.009348229,0.9028209447860718,-8.80028136074543,-2.0152788150310514,360.0
41943040,80,3263,12853,0.001282914858620643,-0.0925794467329979,0.2,0.056268930435180664,1.0355474948883057,632,0.0001,-0.004668562728511461,0.006011231,0.5310722291469574,-8.722589518874884,-2.0152788150310514,360.0
42467328,81,3294,12889,0.00017703102730592946,-0.10366441309452057,0.2,0.11292552947998047,1.0103001594543457,640,0.0001,-0.014458635950177268,0.009816047,0.7510949522256851,-8.58957152813673,-2.0152788150310514,360.0
42991616,82,3327,12918,0.0015403002221319184,-0.09015929698944092,0.2,0.03504633903503418,0.9988390803337097,648,0.0001,-0.002937990499958687,0.00479067,0.5906001031398773,-8.507847625762224,-2.0152788150310514,360.0
43515904,83,3361,12945,0.00018021674651436115,-0.09278281033039093,0.2,0.05968356132507324,0.9783910512924194,656,0.0001,-0.006832319866816761,0.006851945,0.8234555721282959,-8.399892404675484,-2.0152788150310514,360.0
44040192,84,3397,12961,0.0015748673790767498,-0.08666983991861343,0.2,0.0386044979095459,0.9702574014663696,664,0.0001,-0.0028466326007219322,0.0048666103,0.6574479937553406,-8.327278010547161,-2.0152788150310514,360.0
44564480,85,3431,12985,0.00016535985429300126,-0.09422314167022705,0.2,0.10638999938964844,0.9536161422729492,672,0.0001,-0.010930262003967073,0.008661928,0.9061113223433495,-8.237036366015673,-1.5255431872606278,360.0
45088768,86,3463,13018,0.0010970619082399935,-0.08536037802696228,0.2,0.043001413345336914,0.9435006976127625,680,0.0001,-0.0031279970328341733,0.0053308634,0.6220073997974396,-8.166412707418203,-1.5255431872606278,360.0
45613056,87,3494,13053,0.00020371908578908915,-0.09023133665323257,0.2,0.05915188789367676,0.9228598475456238,688,0.0001,-0.007720268568391475,0.007045514,0.6803921163082123,-8.05372317880392,-1.5255431872606278,360.0
46137344,88,3526,13083,0.0014968762443459127,-0.08214005082845688,0.2,0.03137612342834473,0.9145753383636475,696,0.0001,-0.002063683971755381,0.0043805544,0.6157642006874084,-7.977836709469557,-1.5255431872606278,360.0
46661632,89,3557,13116,0.0002372383779061238,-0.08592823147773743,0.2,0.04624223709106445,0.8959840536117554,704,0.0001,-0.006291955162396334,0.006384513,0.8111416846513748,-7.874513570219278,-1.5255431872606278,360.0
47185920,90,3591,13139,0.0013067910467725596,-0.08033762127161026,0.2,0.03802061080932617,0.8885658979415894,712,0.0001,-0.002407613942068565,0.0047451993,0.7040343284606934,-7.803125657141209,-1.0961187583208085,360.0
47710208,91,3622,13169,0.0014211725056156865,-0.08024948090314865,0.2,0.022845029830932617,0.8821873068809509,720,0.0001,-0.0016864641333995678,0.003946402,0.4839112162590027,-7.756433233618736,-1.0961187583208085,360.0
48234496,92,3653,13201,0.00016108611447407384,-0.0888054147362709,0.2,0.10054516792297363,0.8652524352073669,728,0.0001,-0.011345459719450446,0.008584848,0.8608483821153641,-7.657068511471152,-1.0961187583208085,360.0
48758784,93,3685,13230,0.0015574842491332674,-0.07876886427402496,0.2,0.02816152572631836,0.8593541383743286,736,0.0001,-0.0018668878078642592,0.0042347885,0.5220643281936646,-7.598401376977563,-1.0961187583208085,360.0
49283072,94,3716,13260,0.00023057558496475394,-0.08345114439725876,0.2,0.04835820198059082,0.8422173261642456,744,0.0001,-0.005902502952267241,0.0062733553,0.8833343908190727,-7.502920193597674,-1.0961187583208085,360.0
49807360,95,3748,13286,0.0015101907438292983,-0.07690652459859848,0.2,0.038722991943359375,0.8375260829925537,752,0.0001,-0.002316807665010856,0.00472811,0.6109221875667572,-7.440529914572835,-1.0961187583208085,360.0
50331648,96,3781,13310,0.00022502971006588268,-0.08207908272743225,0.2,0.07905697822570801,0.824528694152832,760,0.0001,-0.008191490965145931,0.0073851645,0.8936371877789497,-7.363324334844947,-0.818732718527317,360.0
50855936,97,3812,13338,0.001093095009764511,-0.0750853419303894,0.2,0.030931711196899414,0.8170679807662964,768,0.0001,-0.002011163286624651,0.004486313,0.5193751752376556,-7.301956219598651,-0.818732718527317,360.0
51380224,98,3843,13367,0.00016007829543696062,-0.0785117819905281,0.2,0.05449652671813965,0.8011360168457031,776,0.0001,-0.00629103149913135,0.0065375776,0.6074688732624054,-7.200696935877204,-0.818732718527317,360.0
51904512,99,3875,13393,0.0013069279980300053,-0.07328417152166367,0.2,0.02867269515991211,0.7955048084259033,784,0.0001,-0.0017788472457596072,0.004377041,0.565449595451355,-7.136278746649623,-0.818732718527317,360.0
52428800,100,3906,13422,0.00018724677158843406,-0.07980481535196304,0.2,0.05815911293029785,0.7813107371330261,792,0.0001,-0.006792703655264631,0.006612681,0.8228898048400879,-7.047383818775415,-0.818732718527317,360.0
52953088,101,3937,13447,0.0012785970257027657,-0.072007916867733,0.2,0.02876734733581543,0.7759655714035034,800,0.0001,-0.0016706422920833575,0.0043745018,0.6170668005943298,-6.988413546234369,-0.818732718527317,360.0
53477376,102,3970,13469,0.00019347296415617166,-0.07495015859603882,0.2,0.03854084014892578,0.7613617181777954,808,0.0001,-0.004965793174278588,0.005507752,0.8614979982376099,-6.898059666156769,-0.6259132786095143,360.0
54001664,103,4001,13495,0.000894115594746836,-0.07130945473909378,0.2,0.04082012176513672,0.7548130750656128,816,0.0001,-0.002231563872555853,0.005021005,0.46147263050079346,-6.826825162395835,-0.6259132786095143,360.0
54525952,104,4032,13523,0.00015742359335035871,-0.07465185225009918,0.2,0.04515886306762695,0.7379597425460815,824,0.0001,-0.006289321719577856,0.0063107777,0.7091954052448273,-6.7165436912328005,-0.6259132786095143,360.0
55050240,105,4063,13547,0.0011265459229434782,-0.07018659263849258,0.2,0.042693138122558594,0.7336454391479492,832,0.0001,-0.002144963107411968,0.0049127247,0.6391245424747467,-6.6485685762017965,-0.6259132786095143,360.0
55574528,106,4094,13573,0.00015278771854809747,-0.07375993579626083,0.2,0.06475162506103516,0.7197687029838562,840,0.0001,-0.007293228602065938,0.006981669,0.8320565819740295,-6.557797525078058,-0.6259132786095143,360.0
56098816,107,4127,13591,0.0004349535608980659,-0.06922633200883865,0.2,0.04200863838195801,0.7104055881500244,848,0.0001,-0.0032631004009999742,0.005046916,0.8600937724113464,-6.4708474557846785,-0.3394797496963292,360.0
56623104,108,4158,13616,0.0011230459781472746,-0.06465385854244232,0.2,0.03130388259887695,0.7060741186141968,856,0.0001,-0.0013190527972710697,0.0042175404,0.5038451254367828,-6.418674036860466,-0.3394797496963292,360.0
57147392,109,4189,13640,0.00010821869892652103,-0.07403884083032608,0.2,0.08351373672485352,0.6930606365203857,864,0.0001,-0.009000533840662683,0.0076641417,0.7728547751903534,-6.326983427628875,-0.3394797496963292,360.0
57671680,110,4220,13664,0.0013912075760345033,-0.0637066438794136,0.2,0.023173809051513672,0.6903432607650757,872,0.0001,-0.0009005310512293363,0.0036804243,0.5198780000209808,-6.278779225423932,-0.3394797496963292,360.0
58195968,111,4251,13687,0.00013580625252984646,-0.06900588423013687,0.2,0.051543235778808594,0.6767762899398804,880,0.0001,-0.005995963895202294,0.006311032,0.857363685965538,-6.189938025549054,-0.3394797496963292,360.0
58720256,112,4283,13709,0.0013236165464149963,-0.06206488236784935,0.2,0.02818155288696289,0.6736437678337097,888,0.0001,-0.001165990757272084,0.004273384,0.5724427103996277,-6.132225036621094,-0.3394797496963292,360.0
59244544,113,4315,13728,0.00012999754372344796,-0.06588370352983475,0.2,0.04030203819274902,0.6599456667900085,896,0.0001,-0.00492540819777787,0.0057463516,0.8805521950125694,-6.042615497484803,-0.19235043644439428,360.0
59768832,114,4346,13750,0.0008538246054285992,-0.06178944185376167,0.2,0.03712773323059082,0.6562174558639526,904,0.0001,-0.0013547450944315642,0.0042868205,0.45361900329589844,-5.977280922234058,-0.19235043644439428,360.0
60293120,115,4377,13773,9.584859924416378e-05,-0.06932445615530014,0.2,0.07012581825256348,0.6412980556488037,912,0.0001,-0.008306955999614729,0.007477158,0.6703172326087952,-5.871108427643776,-0.19235043644439428,360.0
60817408,116,4408,13794,0.0012139391701566637,-0.060320839285850525,0.2,0.02772068977355957,0.6388089060783386,920,0.0001,-0.0009139969092757383,0.003856936,0.5272495448589325,-5.81152967736125,-0.19235043644439428,360.0
61341696,117,4439,13817,0.00010579758080098145,-0.06341990828514099,0.2,0.05444073677062988,0.6257767677307129,928,0.0001,-0.005940349852153304,0.0065685473,0.8171879947185516,-5.721198098734021,-0.19235043644439428,360.0
61865984,118,4470,13838,0.0012530427520687226,-0.057522572576999664,0.2,0.03165698051452637,0.6233631372451782,936,0.0001,-0.0008522207422174688,0.0039512482,0.5803744196891785,-5.66255677677691,-0.19235043644439428,360.0
62390272,119,4502,13855,0.00010371349580395872,-0.060135431587696075,0.2,0.043787479400634766,0.6112433671951294,944,0.0001,-0.004558527450058136,0.005951307,0.8808200284838676,-5.578154498711228,-0.04216814667917788,360.0
62914560,120,4534,13875,0.0006194164218413789,-0.058282941579818726,0.2,0.056757450103759766,0.6085469722747803,952,0.0001,-0.0023140841308304516,0.0055600647,0.48346519470214844,-5.517947465181351,-0.04216814667917788,360.0
63438848,121,4564,13897,0.0011999721623396908,-0.05520906299352646,0.2,0.022986412048339844,0.6059824228286743,960,0.0001,-0.0005300705838635622,0.0039347364,0.14695769548416138,-5.492414500564337,-0.04216814667917788,360.0
63963136,122,4596,13915,0.0001614937482941059,-0.06030169129371643,0.2,0.04562187194824219,0.5966823697090149,968,0.0001,-0.004250018138918676,0.005651286,0.9162836894392967,-5.422114450484514,-0.04216814667917788,360.0
64487424,123,4631,13923,0.0014238412622944452,-0.05414349585771561,0.2,0.025127410888671875,0.5950849056243896,976,0.0001,-0.0004100340540844627,0.0036242115,0.48531919717788696,-5.379647905007005,-0.04216814667917788,360.0
65011712,124,4667,13928,0.00012603634345964565,-0.05813490226864815,0.2,0.04170680046081543,0.5842316150665283,984,0.0001,-0.003973082046968557,0.0055927103,0.9158313944935799,-5.30259221419692,0.04328154051443562,360.0
65536000,125,4700,13941,0.0008923138364025363,-0.053570881485939026,0.2,0.034210205078125,0.5820013284683228,992,0.0001,-0.0008498692691318865,0.004247696,0.49896377325057983,-5.247445015236735,0.04328154051443562,360.0
66060288,126,4734,13954,6.0878779308382036e-05,-0.060908082872629166,0.2,0.07997250556945801,0.5687150955200195,1000,0.0001,-0.008850904682731198,0.008161623,0.6692846417427063,-5.145142611116171,0.04328154051443562,360.0
66584576,127,4769,13960,0.0012055297897859418,-0.05161113664507866,0.2,0.02733588218688965,0.5672681331634521,1008,0.0001,-0.0005516339285804861,0.0038322895,0.48536646366119385,-5.089776266366243,0.04328154051443562,360.0
67108864,128,4802,13973,7.371264851485648e-05,-0.05618222802877426,0.2,0.05146956443786621,0.556107759475708,1016,0.0001,-0.0049777339672800736,0.006605071,0.827430784702301,-5.006682680919766,0.04328154051443562,360.0
67633152,129,4835,13985,0.001210890496167849,-0.05041584372520447,0.2,0.028698444366455078,0.5547308325767517,1024,0.0001,-0.0004079841228303849,0.0037789438,0.5293252766132355,-4.955097462981939,0.04328154051443562,360.0
68157440,130,4872,13988,7.591038033183395e-05,-0.05375898629426956,0.2,0.04497194290161133,0.5446946620941162,1032,0.0001,-0.0040866356434889894,0.0058361283,0.8670032918453217,-4.8789853770285845,0.1016663642344065,360.0
68681728,131,4905,14001,0.000725247380159999,-0.04918941110372543,0.2,0.0406954288482666,0.5429772138595581,1040,0.0001,-0.0008854264041247006,0.004761306,0.4192618727684021,-4.827005598694086,0.1016663642344065,360.0
69206016,132,4941,14005,6.257303436996153e-05,-0.05347518250346184,0.2,0.04703497886657715,0.5306155681610107,1048,0.0001,-0.004904337867401409,0.0062618023,0.5988661348819733,-4.72905807942152,0.1016663642344065,360.0
69730304,133,4976,14011,0.0012029220019940112,-0.04761853069067001,0.2,0.03296542167663574,0.5302602052688599,1056,0.0001,-0.0005944826195900532,0.0040337252,0.517821192741394,-4.6765502113848925,0.1016663642344065,360.0
70254592,134,5010,14022,6.726195719863881e-05,-0.05021815001964569,0.2,0.04259157180786133,0.5194336175918579,1064,0.0001,-0.0037480512125966925,0.006024361,0.8332436382770538,-4.596699183806777,0.1016663642344065,360.0
70778880,135,5044,14029,0.0010614318871375872,-0.04572434350848198,0.2,0.03487730026245117,0.5187727212905884,1072,0.0001,-0.0005614526037334144,0.0041515115,0.6137745380401611,-4.545120120048523,0.2141276551038027,360.0
71303168,136,5077,14043,0.0008784077317613992,-0.0466654971241951,0.2,0.02603912353515625,0.5180796384811401,1080,0.0001,-0.00027319276887283195,0.0035156321,0.38866859674453735,-4.5375497583299875,0.2141276551038027,360.0
71827456,137,5113,14046,5.8889021730124114e-05,-0.051014337688684464,0.2,0.07571005821228027,0.5101609826087952,1088,0.0001,-0.0064589457003876305,0.0071384003,0.8857768476009369,-4.475240500643849,0.2141276551038027,360.0
72351744,138,5149,14051,0.0013009303902435931,-0.044748056679964066,0.2,0.031975746154785156,0.5093933343887329,1096,0.0001,-0.0004115113988518715,0.0044490863,0.4042562246322632,-4.435219019651413,0.2141276551038027,360.0
72876032,139,5184,14055,7.840532339287165e-05,-0.04756159335374832,0.2,0.03996396064758301,0.5005773305892944,1104,0.0001,-0.0032175312514937104,0.005273004,0.9078234285116196,-4.364244407042861,0.2141276551038027,360.0
73400320,140,5225,14046,0.0012492207970353775,-0.04237267002463341,0.2,0.031378984451293945,0.5005285739898682,1112,0.0001,-0.00016636303621453408,0.0040128073,0.5074659287929535,-4.3239500150084496,0.2141276551038027,360.0
73924608,141,5263,14044,6.651250258471464e-05,-0.04686247184872627,0.2,0.04101729393005371,0.4914945960044861,1120,0.0001,-0.0025684854651899514,0.00574855,0.9015475511550903,-4.255944963544607,0.2567511472967453,360.0
74448896,142,5298,14049,0.0007041912463137123,-0.04111329838633537,0.2,0.0390169620513916,0.4900854527950287,1128,0.0001,-0.0006629343120039266,0.0043719593,0.46983951330184937,-4.2028618808835745,0.2567511472967453,360.0
74973184,143,5333,14057,4.674081304756328e-05,-0.04829707741737366,0.2,0.05178093910217285,0.47828209400177,1136,0.0001,-0.005163695221199305,0.00684736,0.5877251327037811,-4.100561611354351,0.2567511472967453,360.0
75497472,144,5365,14070,0.0011575114754123206,-0.03977128118276596,0.2,0.032611846923828125,0.4782674014568329,1144,0.0001,-0.00026372920092399,0.0041963947,0.47233355045318604,-4.046898042783141,0.2567511472967453,360.0
76021760,145,5397,14085,5.470971996146545e-05,-0.04372567683458328,0.2,0.042246103286743164,0.4703233242034912,1152,0.0001,-0.002930386513526173,0.0055475812,0.8153541535139084,-3.983240621164441,0.2567511472967453,360.0
76546048,146,5429,14097,0.0011684709634209867,-0.04019252210855484,0.2,0.03255152702331543,0.4705260396003723,1160,0.0001,-0.00013926296151112183,0.0038750363,0.5305621027946472,-3.944910398684442,0.2567511472967453,360.0
77070336,147,5463,14106,5.876559272621762e-05,-0.042774878442287445,0.2,0.04012274742126465,0.4635513722896576,1168,0.0001,-0.0020927028390360647,0.005183529,0.889661006629467,-3.890725971199572,0.31540685017127545,360.0
77594624,148,5497,14114,0.000594478624407202,-0.03925279155373573,0.2,0.04370880126953125,0.46308693289756775,1176,0.0001,-0.0006414007714283798,0.0048877746,0.4379148483276367,-3.8509437451139092,0.31540685017127545,360.0
78118912,149,5529,14128,4.317496518524422e-05,-0.0420607291162014,0.2,0.047924041748046875,0.453449010848999,1184,0.0001,-0.004266489393103257,0.0062560067,0.6410218775272369,-3.765748180449009,0.31540685017127545,360.0
78643200,150,5562,14138,0.0009585964398866054,-0.037652965635061264,0.2,0.03859114646911621,0.4541850984096527,1192,0.0001,-9.783217888070794e-05,0.0039859815,0.5855432450771332,-3.7261736495420337,0.31540685017127545,360.0
79167488,151,5596,14146,4.344198887906714e-05,-0.03935493901371956,0.2,0.05631899833679199,0.44647955894470215,1200,0.0001,-0.0030847829686990735,0.006446574,0.8642092496156693,-3.6672563767060637,0.31540685017127545,360.0
79691776,152,5631,14152,0.00033198887024354917,-0.036325838416814804,0.2,0.04792332649230957,0.44439148902893066,1208,0.0001,-0.0008259379153514601,0.0047288314,0.8559130728244781,-3.6088958457112312,0.3643560020485893,360.0
80216064,153,5663,14164,0.0008109250006782531,-0.035866569727659225,0.2,0.035393714904785156,0.44374245405197144,1216,0.0001,-0.00012494678685470717,0.0040287846,0.5242869853973389,-3.5929437363520265,0.3643560020485893,360.0
80740352,154,5693,14179,3.1780776353684814e-05,-0.042290445417165756,0.2,0.06482696533203125,0.43483465909957886,1224,0.0001,-0.005847005050213738,0.0070135416,0.8042775988578796,-3.511186002753675,0.3643560020485893,360.0
81264640,155,5726,14191,0.0012054495064148796,-0.034273579716682434,0.2,0.03371715545654297,0.43565595149993896,1232,0.0001,2.1651358792951214e-05,0.0040781638,0.4430686831474304,-3.47297169174999,0.3643560020485893,360.0
81788928,156,5760,14197,4.555360837343869e-05,-0.03814752772450447,0.2,0.053533315658569336,0.42943209409713745,1240,0.0001,-0.0026730523809419537,0.006022903,0.8698699623346329,-3.422725046053529,0.3643560020485893,360.0
82313216,157,5793,14207,0.0012102452383260243,-0.03438841924071312,0.2,0.03789782524108887,0.4298947751522064,1248,0.0001,-3.90383447665954e-05,0.0046388833,0.5096234977245331,-3.394236438907683,0.3643560020485893,360.0
82837504,158,5826,14217,5.081256176708848e-05,-0.03532053902745247,0.2,0.04702138900756836,0.42435798048973083,1256,0.0001,-0.001680537301581353,0.0053843986,0.8907714486122131,-3.349969932809472,0.4217663736268878,360.0
83361792,159,5859,14225,0.000590306221283754,-0.0331181138753891,0.2,0.04442715644836426,0.42443031072616577,1264,0.0001,-0.0003171597156779171,0.0047152042,0.5046117007732391,-3.316942075267434,0.4217663736268878,360.0
83886080,160,5895,14229,3.5706392516487995e-05,-0.03717559576034546,0.2,0.05719256401062012,0.41593021154403687,1272,0.0001,-0.0044289590487096575,0.00647479,0.6589714884757996,-3.238561701029539,0.4217663736268878,360.0
84410368,161,5929,14236,0.0011659292590593395,-0.03208985552191734,0.2,0.036005258560180664,0.4165574312210083,1280,0.0001,8.620266066827753e-05,0.0040353066,0.4648837447166443,-3.199984123930335,0.4217663736268878,360.0
84934656,162,5964,14240,4.521528167344968e-05,-0.03542220965027809,0.2,0.04907417297363281,0.41035327315330505,1288,0.0001,-0.002419145428802949,0.005648475,0.8334439992904663,-3.146350302733481,0.4217663736268878,360.0
85458944,163,5997,14249,0.0011419828883845184,-0.031379323452711105,0.2,0.03817939758300781,0.41124972701072693,1296,0.0001,-3.1740949452796485e-05,0.0044140397,0.5392046868801117,-3.117966783232987,0.4217663736268878,360.0
85983232,164,6034,14249,5.047471320551722e-05,-0.033811040222644806,0.2,0.0523982048034668,0.4057387709617615,1304,0.0001,-0.0019077287086020078,0.0058778236,0.8963486701250076,-3.0725989704951644,0.4095098244398832,360.0
86507520,165,6066,14259,0.00045895290872977057,-0.031158480793237686,0.2,0.05105471611022949,0.4061717689037323,1312,0.0001,-0.0002867379181452634,0.004878384,0.5063930451869965,-3.0450952714309096,0.4095098244398832,360.0
87031808,166,6099,14269,0.0010015338395987783,-0.030252845957875252,0.2,0.03717613220214844,0.4064915180206299,1320,0.0001,0.0003842976830128464,0.0042810543,0.09737461805343628,-3.0505767948925495,0.4095098244398832,360.0
87556096,167,6129,14283,0.00010009492197582404,-0.03415479138493538,0.2,0.04686927795410156,0.40338701009750366,1328,0.0001,-0.0019099862704479165,0.0048246654,0.9288831278681755,-3.0239449264481664,0.4095098244398832,360.0
88080384,168,6161,14295,0.0012759197911691444,-0.030365264043211937,0.2,0.03793025016784668,0.40404820442199707,1336,0.0001,0.0001077974384315894,0.0042512594,0.43967944383621216,-3.0107328072190285,0.4095098244398832,360.0
88604672,169,6193,14305,6.960072597905764e-05,-0.03218132257461548,0.2,0.04422783851623535,0.40004026889801025,1344,0.0001,-0.0015485771955354721,0.0050119865,0.9222641512751579,-2.9761830177158117,0.4630343123525381,360.0
89128960,170,6226,14315,0.0007212874343167641,-0.030617304146289825,0.2,0.03836250305175781,0.3998815715312958,1352,0.0001,-5.66927706131537e-05,0.004901016,0.4899452328681946,-2.951642060652375,0.4630343123525381,360.0
89653248,171,6260,14320,2.8573418596522515e-05,-0.03368930518627167,0.2,0.055257558822631836,0.39176496863365173,1360,0.0001,-0.004310525347136718,0.006597326,0.687909871339798,-2.868811769410968,0.4630343123525381,360.0
90177536,172,6293,14328,0.0010877928793888714,-0.028925331309437752,0.2,0.03854250907897949,0.39172202348709106,1368,0.0001,3.042665298380598e-05,0.0039602336,0.44730645418167114,-2.8251889599487185,0.4630343123525381,360.0
90701824,173,6326,14336,4.09789348339018e-05,-0.030964529141783714,0.2,0.05074572563171387,0.3870428502559662,1376,0.0001,-0.002092438331374069,0.0054364223,0.8334424495697021,-2.7786547150462866,0.4630343123525381,360.0
91226112,174,6358,14347,0.0011006794766217354,-0.026539400219917297,0.2,0.042224884033203125,0.38770806789398193,1384,0.0001,0.00016440583431176492,0.004681782,0.5004207491874695,-2.7565982658416033,0.4630343123525381,360.0
91750400,175,6392,14352,4.689517152201006e-05,-0.028998510912060738,0.2,0.051142215728759766,0.38359105587005615,1392,0.0001,-0.001826388638392018,0.005425336,0.8803374916315079,-2.7195678669959307,0.49114539006724955,360.0
92274688,176,6426,14358,0.0005794090732251789,-0.026889551430940628,0.2,0.047783851623535156,0.3843201994895935,1400,0.0001,3.726843885942799e-05,0.004750276,0.44453513622283936,-2.7013558195903897,0.49114539006724955,360.0
92798976,177,6459,14366,3.801304981720932e-05,-0.0302615724503994,0.2,0.04590797424316406,0.37764328718185425,1408,0.0001,-0.002777900537239475,0.005835576,0.597570389509201,-2.635203937999904,0.49114539006724955,360.0
93323264,178,6492,14373,0.0011213630455131351,-0.026275822892785072,0.2,0.04184746742248535,0.37820935249328613,1416,0.0001,8.245218896263395e-05,0.004763633,0.49156051874160767,-2.6046053003519773,0.49114539006724955,360.0
93847552,179,6526,14379,3.9540382246627814e-05,-0.02622237801551819,0.2,0.056276559829711914,0.3732704520225525,1424,0.0001,-0.002163392101692807,0.0057864427,0.8479872792959213,-2.5576596092432737,0.49114539006724955,360.0
94371840,180,6561,14382,0.000979810648914281,-0.025284025818109512,0.2,0.05129671096801758,0.37442880868911743,1432,0.0001,9.833605463427375e-05,0.0046790196,0.5865567028522491,-2.5376928644254804,0.4898474662005901,360.0
94896128,181,6594,14389,0.000725354892665564,-0.025528836995363235,0.2,0.03795647621154785,0.37433192133903503,1440,0.0001,0.00035848400148097426,0.004370335,0.374347984790802,-2.5448324494063854,0.4898474662005901,360.0
95420416,182,6628,14394,3.720204136925531e-05,-0.027729801833629608,0.2,0.05482196807861328,0.3703783452510834,1448,0.0001,-0.0024011955788409978,0.005652327,0.9007556214928627,-2.50412289891392,0.4898474662005901,360.0
95944704,183,6660,14405,0.0011479369518383464,-0.02472050115466118,0.2,0.04207158088684082,0.3711320161819458,1456,0.0001,0.00017886565740354854,0.0041196374,0.3853331208229065,-2.4877433497458696,0.4898474662005901,360.0
96468992,184,6692,14413,5.1625805980393125e-05,-0.027491409331560135,0.2,0.05254650115966797,0.3677619695663452,1464,0.0001,-0.0015576394087020162,0.0051637054,0.9042042195796967,-2.4578777896240354,0.4898474662005901,360.0
96993280,185,6726,14420,0.001094300130262127,-0.023976324126124382,0.2,0.04022359848022461,0.3681890368461609,1472,0.0001,0.00017630943511903752,0.0044125887,0.496532678604126,-2.4409386226907372,0.4898474662005901,360.0
97517568,186,6760,14424,4.6027624875932815e-05,-0.02466016635298729,0.2,0.05217885971069336,0.3644751310348511,1480,0.0001,-0.0012328954137501569,0.005350359,0.9034959450364113,-2.4041290851309896,0.5209728680551052,360.0
98041856,187,6794,14429,0.0006047193614904245,-0.02424447238445282,0.2,0.04180717468261719,0.36481666564941406,1488,0.0001,2.255139793305716e-05,0.004884097,0.5017776787281036,-2.385740004479885,0.5209728680551052,360.0
98566144,188,6830,14430,3.301834959046346e-05,-0.026873432099819183,0.2,0.05298352241516113,0.3576836585998535,1496,0.0001,-0.0032699203859465342,0.006578227,0.6151487231254578,-2.308739106170833,0.5209728680551052,360.0
99090432,189,6864,14436,0.0010894341944549524,-0.021340668201446533,0.2,0.04528689384460449,0.3585324287414551,1504,0.0001,0.00038438145429608994,0.004382829,0.44907695055007935,-2.276548099704087,0.5209728680551052,360.0
99614720,190,6894,14447,3.887799501711697e-05,-0.02330797165632248,0.2,0.05481719970703125,0.35490649938583374,1512,0.0001,-0.0014869939604977844,0.0053509087,0.8409279137849808,-2.242006069049239,0.5209728680551052,360.0
100139008,191,6926,14457,0.0011508374204822758,-0.022331103682518005,0.2,0.04442858695983887,0.35588496923446655,1520,0.0001,0.00034888928803411545,0.0046260236,0.5199224054813385,-2.2294753352180123,0.5209728680551052,360.0
100663296,192,6959,14464,4.639593812783005e-05,-0.024467460811138153,0.2,0.0505368709564209,0.3528277277946472,1528,0.0001,-0.0009159680882930843,0.0052251383,0.9044547975063324,-2.2024715105071664,0.5032635658979416,360.0
101187584,193,6990,14474,0.0005419940735009732,-0.021673133596777916,0.2,0.050734758377075195,0.3533110022544861,1536,0.0001,6.862135160190519e-05,0.00474085,0.4348828196525574,-2.1866793455556035,0.5032635658979416,360.0
101711872,194,7022,14484,4.3964488533276835e-05,-0.024158190935850143,0.2,0.05465841293334961,0.34775418043136597,1544,0.0001,-0.002592133477264724,0.0061132866,0.6357156038284302,-2.1289022462442517,0.5032635658979416,360.0
102236160,195,7053,14494,0.0008894718123428902,-0.021318670362234116,0.2,0.05452156066894531,0.34842920303344727,1552,0.0001,0.0002531490309820583,0.004868581,0.5659208595752716,-2.09974573738873,0.5032635658979416,360.0
102760448,196,7084,14505,3.050230131407261e-05,-0.022518029436469078,0.2,0.05350637435913086,0.3441011905670166,1560,0.0001,-0.001579252748001636,0.005471089,0.8766486197710037,-2.058150573633611,0.5032635658979416,360.0
103284736,197,7117,14510,0.0003070160948936973,-0.02141038328409195,0.2,0.0616910457611084,0.3443877100944519,1568,0.0001,3.603077038860647e-05,0.006141107,0.8516539037227631,-2.029867342673242,0.544062032904476,360.0
103809024,198,7148,14521,0.0007338997395436309,-0.01832466386258602,0.2,0.045504093170166016,0.34472572803497314,1576,0.0001,0.00014209791697794572,0.004686611,0.5388246774673462,-2.0344925718382,0.544062032904476,360.0
104333312,199,7180,14530,2.224876168099854e-05,-0.024625534191727638,0.2,0.05288076400756836,0.3396150469779968,1584,0.0001,-0.002802776605676627,0.0060441257,0.8183501362800598,-1.9783531175926328,0.544062032904476,360.0
104857600,200,7211,14540,0.0011288592836535827,-0.020505499094724655,0.2,0.04420328140258789,0.3401504158973694,1592,0.0001,0.00017308474048149947,0.0049433056,0.41866862773895264,-1.9509129016660154,0.544062032904476,360.0
105381888,201,7242,14549,3.9846354262351724e-05,-0.019703427329659462,0.2,0.05351686477661133,0.3371966481208801,1600,0.0001,-0.0012216184586577583,0.0054221125,0.8667816519737244,-1.921978428028524,0.544062032904476,360.0
105906176,202,7273,14560,0.0011377946630091174,-0.018463019281625748,0.2,0.048506975173950195,0.3378615379333496,1608,0.0001,0.0003611149859352736,0.00503092,0.4939616322517395,-1.9084210661239922,0.544062032904476,360.0
106430464,203,7306,14565,4.494119215081582e-05,-0.019069109112024307,0.2,0.04647564888000488,0.33541202545166016,1616,0.0001,-0.0003409711366657575,0.0047476897,0.900048740208149,-1.885815190616995,0.5728886424005032,360.0
106954752,204,7337,14576,0.0005464026999106864,-0.01711653359234333,0.2,0.05469870567321777,0.3360285758972168,1624,0.0001,5.490209355230036e-05,0.0057152854,0.5033546984195709,-1.8739042659290135,0.5728886424005032,360.0
107479040,205,7368,14585,2.8143848858519505e-05,-0.019380491226911545,0.2,0.050589561462402344,0.3303762674331665,1632,0.0001,-0.002284785939991707,0.0062123635,0.5927547812461853,-1.8087071203626692,0.5728886424005032,360.0
108003328,206,7400,14593,0.0010826937896126765,-0.017480725422501564,0.2,0.04612016677856445,0.331516295671463,1640,0.0001,0.000495901126669196,0.004547481,0.4590749740600586,-1.7862216560170054,0.5728886424005032,360.0
108527616,207,7431,14603,3.350828544768092e-05,-0.018730973824858665,0.2,0.049224853515625,0.32850027084350586,1648,0.0001,-0.0007681140702970879,0.0052786646,0.8644671142101288,-1.7578792246058583,0.5728886424005032,360.0
109051904,208,7463,14612,0.0010779161862046749,-0.018083563074469566,0.2,0.04945635795593262,0.3293273150920868,1656,0.0001,0.00028938760692653887,0.0048860745,0.5610412359237671,-1.7476669582538307,0.5728886424005032,360.0
109576192,209,7495,14618,4.3777552079404813e-05,-0.01779926009476185,0.2,0.046662092208862305,0.3269859850406647,1664,0.0001,-0.00044747841002390487,0.0049900385,0.9256758317351341,-1.7252249424345791,0.5705901646986604,360.0
110100480,210,7527,14627,0.00041829192525710823,-0.016288282349705696,0.2,0.05999159812927246,0.32758623361587524,1672,0.0001,9.980726713365584e-05,0.006055232,0.475225031375885,-1.7140817698091269,0.5705901646986604,360.0
110624768,211,7558,14636,0.0009411059884314454,-0.016195524483919144,0.2,0.04004716873168945,0.32828769087791443,1680,0.0001,0.0004010619309156027,0.004637911,0.07376253604888916,-1.7261320445686579,0.5705901646986604,360.0
111149056,212,7589,14644,9.423155773902181e-05,-0.016699867323040962,0.2,0.04764246940612793,0.32732999324798584,1688,0.0001,-0.0005433541583670376,0.0051259943,0.9239675551652908,-1.7185825780034065,0.5705901646986604,360.0
111673344,213,7620,14654,0.0011769957823162258,-0.016613421961665154,0.2,0.0479435920715332,0.3282071352005005,1696,0.0001,0.0004529683160399145,0.0046701385,0.44764065742492676,-1.7221598480828106,0.5705901646986604,360.0
112197632,214,7654,14657,6.377075941088606e-05,-0.018756277859210968,0.2,0.05046486854553223,0.32626956701278687,1704,0.0001,-0.0005671546114172088,0.004879552,0.9282056540250778,-1.706282296217978,0.5514042063057423,360.0
112721920,215,7684,14667,0.0006517901942970639,-0.017478937283158302,0.2,0.05098438262939453,0.32678675651550293,1712,0.0001,0.00038255292724898027,0.005309185,0.5491403043270111,-1.6966490256600082,0.5514042063057423,360.0
113246208,216,7716,14675,2.2881765296745016e-05,-0.020370926707983017,0.2,0.05815863609313965,0.3211137056350708,1720,0.0001,-0.0031520148354502453,0.006022592,0.7297904193401337,-1.6330234548076987,0.5514042063057423,360.0
113770496,217,7747,14684,0.001073639957667183,-0.016521090641617775,0.2,0.04708456993103027,0.3216501474380493,1728,0.0001,0.0003770618855014618,0.0048340135,0.4402848482131958,-1.6010183170437813,0.5514042063057423,360.0
114294784,218,7778,14692,3.493787576758223e-05,-0.015931984409689903,0.2,0.05600428581237793,0.31925269961357117,1736,0.0001,-0.0011534528096035501,0.0057396633,0.856923371553421,-1.5753161013126373,0.5514042063057423,360.0
114819072,219,7809,14701,0.0011015756099368446,-0.016006965190172195,0.2,0.048746347427368164,0.3202158510684967,1744,0.0001,0.00046275121246708295,0.005224941,0.49890565872192383,-1.5690893363207579,0.5514042063057423,360.0
115343360,220,7842,14706,4.564156843400724e-05,-0.018060682341456413,0.2,0.053761959075927734,0.3180433511734009,1752,0.0001,-0.0005977211426397844,0.005236607,0.9013031497597694,-1.547850202769041,0.5838307278603315,360.0
115867648,221,7873,14716,0.0005669334827871353,-0.01476476714015007,0.2,0.052636146545410156,0.31883499026298523,1760,0.0001,0.0002952785375782696,0.0052874787,0.4663929343223572,-1.5397851471789181,0.5838307278603315,360.0
116391936,222,7904,14724,3.1927442009305196e-05,-0.01973586343228817,0.2,0.05787253379821777,0.3146844506263733,1768,0.0001,-0.002340573416176994,0.005796742,0.5828841030597687,-1.4938418879173696,0.5838307278603315,360.0
116916224,223,7935,14732,0.0010552010835453984,-0.014604493975639343,0.2,0.051614999771118164,0.31595849990844727,1776,0.0001,0.0004409049076912197,0.005489077,0.483451783657074,-1.4805891634896398,0.5838307278603315,360.0
117440512,224,7967,14739,3.4870616737237015e-05,-0.015506904572248459,0.2,0.05319809913635254,0.31302791833877563,1784,0.0001,-0.0010968809790483647,0.005351822,0.8732656538486481,-1.4529136260971427,0.5838307278603315,360.0
117964800,225,8000,14744,0.0009495093752320827,-0.014626111835241318,0.2,0.05545663833618164,0.314614474773407,1792,0.0001,0.00040083278554448043,0.005447266,0.6123888492584229,-1.4487065859138966,0.5897804137691856,360.0
118489088,226,8031,14752,0.0007250056175962527,-0.01539826299995184,0.2,0.04477334022521973,0.31499966979026794,1800,0.0001,0.0005244445153493871,0.004774022,0.4563993811607361,-1.4645027071237564,0.5897804137691856,360.0
119013376,227,8063,14759,3.1512662850730067e-05,-0.013925228267908096,0.2,0.05538344383239746,0.3131103217601776,1808,0.0001,-0.0013742975852437667,0.0056657204,0.9074584096670151,-1.4442000361159444,0.5897804137691856,360.0
119537664,228,8094,14768,0.0011577607383514987,-0.014692628756165504,0.2,0.05075836181640625,0.3142879009246826,1816,0.0001,0.0006097830055296072,0.004753203,0.37665414810180664,-1.4431556314229965,0.5897804137691856,360.0
120061952,229,8125,14775,4.9146107400588335e-05,-0.014516659080982208,0.2,0.04815983772277832,0.31232714653015137,1824,0.0001,-0.0003200110950274393,0.0051791677,0.9063771665096283,-1.4281738745048642,0.5897804137691856,360.0
120586240,230,8156,14784,0.0010932767063422943,-0.013903840444982052,0.2,0.0465242862701416,0.3134039342403412,1832,0.0001,0.0005509834527401836,0.0050477595,0.4920061230659485,-1.427295337896794,0.5897804137691856,360.0
121110528,231,8189,14788,4.1004502463692916e-05,-0.015072613023221493,0.2,0.044996023178100586,0.3117067515850067,1840,0.0001,-0.000252861779927116,0.0048641544,0.9180498793721199,-1.4133490272797644,0.5605638391152025,360.0
121634816,232,8220,14796,0.0005682349578819412,-0.012421987019479275,0.2,0.05244803428649902,0.31273263692855835,1848,0.0001,0.0003161284640782469,0.0048959972,0.5333094596862793,-1.4112654076889157,0.5605638391152025,360.0
122159104,233,8252,14803,2.7087430972017046e-05,-0.01656046137213707,0.2,0.0587465763092041,0.30821239948272705,1856,0.0001,-0.0023555761977149814,0.0061819246,0.5967938303947449,-1.3596330429427326,0.5605638391152025,360.0
122683392,234,8282,14811,0.0010165915414290794,-0.013998383656144142,0.2,0.05031013488769531,0.30930957198143005,1864,0.0001,0.00041808168884927,0.0050601624,0.44426894187927246,-1.3426432884298265,0.5605638391152025,360.0
123207680,235,8314,14818,3.484567575640085e-05,-0.01229499839246273,0.2,0.05096030235290527,0.30656328797340393,1872,0.0001,-0.0007337121760429,0.005668953,0.8516181409358978,-1.3158877394162118,0.5605638391152025,360.0
123731968,236,8345,14826,0.0010965614387714595,-0.010683869943022728,0.2,0.054061174392700195,0.3075034022331238,1880,0.0001,0.0006016186705437576,0.005241689,0.5048887133598328,-1.3073715795762837,0.5605638391152025,360.0
124256256,237,8378,14829,3.9759196546640396e-05,-0.01411468256264925,0.2,0.05742979049682617,0.3056979775428772,1888,0.0001,-0.000514802657448854,0.005326782,0.906509704887867,-1.2911865036003292,0.6035878476500511,360.0
124780544,238,8409,14837,0.0005477741335653263,-0.01279482152312994,0.2,0.05837202072143555,0.30663275718688965,1896,0.0001,0.000439086466712979,0.005034349,0.4372559189796448,-1.288082289043814,0.6035878476500511,360.0
125304832,239,8441,14844,3.064931558327544e-05,-0.013367600739002228,0.2,0.05190110206604004,0.3024442791938782,1904,0.0001,-0.0014200154755599215,0.0055688294,0.6720526218414307,-1.2423585266806185,0.6035878476500511,360.0
125829120,240,8472,14851,0.0008496331297465076,-0.010834666900336742,0.2,0.06823325157165527,0.3036491870880127,1912,0.0001,0.0005789644533251703,0.0054697795,0.5586899220943451,-1.2260094885714352,0.6035878476500511,360.0
126353408,241,8503,14858,2.770007695573895e-05,-0.014994554221630096,0.2,0.05590033531188965,0.30078989267349243,1920,0.0001,-0.0009259700141228677,0.00550266,0.8830586224794388,-1.1979509480297565,0.6035878476500511,360.0
126877696,242,8536,14862,0.0002793997275603033,-0.012624772265553474,0.2,0.06583666801452637,0.30139821767807007,1928,0.0001,0.0002345566447274905,0.0064184736,0.8491179943084717,-1.182703947648406,0.6355767700821161,360.0
127401984,243,8568,14868,0.0006807769912029471,-0.011963028460741043,0.2,0.052298545837402344,0.30205389857292175,1936,0.0001,0.0006206581026617641,0.0049523963,0.5297636389732361,-1.1962320506572723,0.6355767700821161,360.0
127926272,244,8599,14875,1.904908593530763e-05,-0.012896916829049587,0.2,0.05333209037780762,0.29805707931518555,1944,0.0001,-0.0017837911559581698,0.005529968,0.82878777384758,-1.1510057630948722,0.6355767700821161,360.0
128450560,245,8631,14882,0.0011264258969276852,-0.011593833565711975,0.2,0.05434155464172363,0.29938822984695435,1952,0.0001,0.0007801392328019574,0.0053669917,0.4147734045982361,-1.136593404226005,0.6355767700821161,360.0
128974848,246,8662,14889,3.367508624307902e-05,-0.011254563927650452,0.2,0.048456668853759766,0.29758140444755554,1960,0.0001,-3.64458645663035e-05,0.0048885224,0.8790862113237381,-1.1248487029224634,0.6355767700821161,360.0
129499136,247,8693,14896,0.0011117648919025669,-0.011969913728535175,0.2,0.051241159439086914,0.2985842823982239,1968,0.0001,0.000507731915149634,0.0051003797,0.4988454580307007,-1.1202581357210875,0.6355767700821161,360.0
130023424,248,8726,14899,3.8005885301117814e-05,-0.01232287660241127,0.2,0.04842734336853027,0.2978338599205017,1976,0.0001,0.00010196619314228883,0.005636586,0.9164291694760323,-1.1185753485187888,0.6225973859429359,360.0
130547712,249,8757,14907,0.0005706756901417975,-0.011324530467391014,0.2,0.053299665451049805,0.29892662167549133,1984,0.0001,0.0006075500847373405,0.005161417,0.5028894245624542,-1.1246365155093372,0.6225973859429359,360.0
131072000,250,8788,14913,2.6036906909610025e-05,-0.012666466645896435,0.2,0.04858040809631348,0.29471951723098755,1992,0.0001,-0.001276512900403759,0.0050641266,0.5922784209251404,-1.075935844797641,0.6225973859429359,360.0
131596288,251,8819,14921,0.0010627012866279983,-0.009783746674656868,0.2,0.052674055099487305,0.29587727785110474,2000,0.0001,0.0006241128987767297,0.005255053,0.45761698484420776,-1.0607729046605527,0.6225973859429359,360.0
132120576,252,8850,14927,3.1985920394106415e-05,-0.011813917197287083,0.2,0.05337262153625488,0.29370975494384766,2008,0.0001,-0.0005089791935688481,0.005040295,0.8729486018419266,-1.0415370892733335,0.6225973859429359,360.0
132644864,253,8881,14935,0.0010273902341850771,-0.010493174195289612,0.2,0.06169414520263672,0.29510053992271423,2016,0.0001,0.0007320462541429151,0.005801007,0.5498364865779877,-1.0428645992651582,0.6225973859429359,360.0
133169152,254,8914,14938,3.73858600610788e-05,-0.011473833583295345,0.2,0.05459785461425781,0.2932426333427429,2024,0.0001,-0.00011290314103007404,0.0051726266,0.9224289730191231,-1.0281254360452294,0.5929088096227497,360.0
133693440,255,8945,14946,0.0004263269889861476,-0.00985176395624876,0.2,0.0652167797088623,0.29426276683807373,2032,0.0001,0.000387245843967321,0.0063138213,0.4687492847442627,-1.030094251036644,0.5929088096227497,360.0
134217728,256,8976,14952,0.0008861583396537753,-0.010702962055802345,0.2,0.04888176918029785,0.2954835295677185,2040,0.0001,0.0007584426818993961,0.004587183,0.07221800088882446,-1.050914898980409,0.5929088096227497,360.0
134742016,257,9006,14960,8.581890463688069e-05,-0.009791896678507328,0.2,0.05556988716125488,0.2950883209705353,2048,0.0001,-0.0005792342078621004,0.00524794,0.9241219088435173,-1.0539250317960978,0.5929088096227497,360.0
135266304,258,9038,14965,0.001156057442585734,-0.009568825364112854,0.2,0.057001590728759766,0.2961979806423187,2056,0.0001,0.0008549874726213602,0.005150009,0.4426857829093933,-1.065580430906266,0.5929088096227497,360.0
135790592,259,9071,14969,6.444877314493169e-05,-0.011981483548879623,0.2,0.0551912784576416,0.2953363358974457,2064,0.0001,-0.0002512373357603792,0.004947927,0.9279893562197685,-1.0602539307437837,0.636826476752758,360.0
136314880,260,9102,14975,0.0006276479682583158,-0.011057193391025066,0.2,0.05902862548828125,0.29627731442451477,2072,0.0001,0.0005469317760571357,0.005180739,0.5378398597240448,-1.0651085153222084,0.636826476752758,360.0
136839168,261,9133,14982,2.1440403287442678e-05,-0.011675218120217323,0.2,0.052178382873535156,0.29191458225250244,2080,0.0001,-0.0016992472390029434,0.0054576807,0.6885433197021484,-1.0122485761530697,0.636826476752758,360.0
137363456,262,9164,14988,0.0010265755979617097,-0.010783256031572819,0.2,0.061675310134887695,0.2928146719932556,2088,0.0001,0.0007829424671399465,0.0063969083,0.4380665421485901,-0.9944878437090665,0.636826476752758,360.0
137887744,263,9195,14995,3.580279980042178e-05,-0.007284500170499086,0.2,0.04687786102294922,0.2912505269050598,2096,0.0001,0.00010936365447378193,0.0051825717,0.875233605504036,-0.9790738958399743,0.636826476752758,360.0
138412032,264,9226,15001,0.001054689772445272,-0.009225980378687382,0.2,0.052899837493896484,0.292676717042923,2104,0.0001,0.0005805230673558981,0.00523114,0.5031338930130005,-0.9872621116228402,0.636826476752758,360.0
138936320,265,9259,15004,3.939165576838377e-05,-0.010203574784100056,0.2,0.05892014503479004,0.2916489839553833,2112,0.0001,0.0003808840034480454,0.004976704,0.9108331874012947,-0.9839885446708649,0.6387617959082127,360.0
139460608,266,9290,15010,0.0005838982031036721,-0.009722194634377956,0.2,0.06247735023498535,0.2926511764526367,2120,0.0001,0.0005998772414841369,0.0055720685,0.4598792791366577,-0.9866262248251587,0.6387617959082127,360.0
139984896,267,9322,15016,4.943195635576103e-05,-0.010587070137262344,0.2,0.053697824478149414,0.2892395853996277,2128,0.0001,-0.0010016644550887577,0.0052189585,0.6227847635746002,-0.9475697595626116,0.6387617959082127,360.0
140509184,268,9352,15023,0.0010242986404591647,-0.008565887808799744,0.2,0.05650663375854492,0.2902182936668396,2136,0.0001,0.0006040040047992079,0.00525354,0.49547088146209717,-0.93645009980537,0.6387617959082127,360.0
141033472,269,9383,15029,3.312965620949626e-05,-0.010522011667490005,0.2,0.055233001708984375,0.28830838203430176,2144,0.0001,-0.0005741443405895552,0.005126696,0.8923934400081635,-0.9175499679986387,0.6387617959082127,360.0
141557760,270,9416,15033,0.0009278684610762866,-0.008890997618436813,0.2,0.06459283828735352,0.2897263169288635,2152,0.0001,0.0006728746218414017,0.0062062647,0.6069703698158264,-0.9211367107927799,0.6017047666758298,360.0
142082048,271,9447,15038,0.0007315481216210173,-0.008386651054024696,0.2,0.05080270767211914,0.2904415428638458,2160,0.0001,0.0005927940155743272,0.0050538485,0.44103121757507324,-0.9415634868200868,0.6017047666758298,360.0
142606336,272,9478,15045,2.8614337715282545e-05,-0.011153681203722954,0.2,0.05433368682861328,0.28905653953552246,2168,0.0001,-0.0007628732619195944,0.00495678,0.9239093139767647,-0.9290556414052844,0.6017047666758298,360.0
143130624,273,9509,15050,0.0010978207669722906,-0.008289300836622715,0.2,0.0543215274810791,0.290099173784256,2176,0.0001,0.0006521394583387519,0.0050269333,0.36965733766555786,-0.9324562917463481,0.6017047666758298,360.0
143654912,274,9540,15057,4.392126253094375e-05,-0.010061937384307384,0.2,0.049759626388549805,0.2893710434436798,2184,0.0001,4.969706333213253e-05,0.0049049333,0.9069962427020073,-0.9301412999629974,0.6017047666758298,360.0
144179200,275,9571,15062,0.0011078939778599306,-0.009501134976744652,0.2,0.05295205116271973,0.2905302047729492,2192,0.0001,0.0007411351889459183,0.005043379,0.4944617748260498,-0.9423910873010755,0.6017047666758298,360.0
144703488,276,9604,15066,4.5481225882326726e-05,-0.008658994920551777,0.2,0.049157142639160156,0.2896057963371277,2200,0.0001,0.0002583248442533659,0.00520028,0.9206107556819916,-0.9394638519734144,0.6178062910959125,360.0
145227776,277,9635,15071,0.0005580643378380046,-0.007969595491886139,0.2,0.056818485260009766,0.29022011160850525,2208,0.0001,0.0007045516913422034,0.005582421,0.5512446761131287,-0.9379639595281333,0.6178062910959125,360.0
145752064,278,9666,15078,2.7921137139230723e-05,-0.011499740183353424,0.2,0.05502891540527344,0.28623566031455994,2216,0.0001,-0.0015230939402499644,0.0053961338,0.6295218467712402,-0.888991694431752,0.6178062910959125,360.0
146276352,279,9697,15083,0.0009988912070184597,-0.008943170309066772,0.2,0.05212974548339844,0.2873523235321045,2224,0.0001,0.0005794145965865027,0.0052575725,0.43917274475097656,-0.8732549601700157,0.6178062910959125,360.0
146800640,280,9728,15090,3.5335960319571313e-05,-0.010203823447227478,0.2,0.052538394927978516,0.28572356700897217,2232,0.0001,-0.0001500193770880287,0.0048112515,0.8545585721731186,-0.8585024357307702,0.6178062910959125,360.0
147324928,281,9759,15095,0.0010494656880837283,-0.008678583428263664,0.2,0.053904056549072266,0.28749969601631165,2240,0.0001,0.0007543687181623682,0.0053651533,0.5200212895870209,-0.8679391907062382,0.6178062910959125,360.0
147849216,282,9792,15098,4.025863782430861e-05,-0.008743965066969395,0.2,0.05312395095825195,0.2862035036087036,2248,0.0001,0.0001544081824249588,0.0052208276,0.910889059305191,-0.8652990297414362,0.6449801416695118,360.0
148373504,283,9823,15103,0.000552523421447404,-0.00920884869992733,0.2,0.06432032585144043,0.28751662373542786,2256,0.0001,0.0005659827747876989,0.0057748775,0.4389711618423462,-0.8718156090471894,0.6449801416695118,360.0
148897792,284,9854,15109,2.983460835537244e-05,-0.008490565232932568,0.2,0.05721306800842285,0.28394800424575806,2264,0.0001,-0.0013327172891877126,0.005885566,0.6976277232170105,-0.8333072883542627,0.6449801416695118,360.0
149422080,285,9885,15114,0.0008442626867690706,-0.009080457501113415,0.2,0.06491732597351074,0.28510934114456177,2272,0.0001,0.0005278141238704848,0.0058564357,0.5599424242973328,-0.8225179451983422,0.6449801416695118,360.0
149946368,286,9916,15120,3.164190979276782e-05,-0.008282536640763283,0.2,0.0612645149230957,0.2827865481376648,2280,0.0001,-7.244311495924194e-05,0.005328357,0.8847370743751526,-0.8022682047449052,0.6449801416695118,360.0
150470656,287,9949,15123,0.00027988556558966593,-0.00513442000374198,0.2,0.06964468955993652,0.2833268642425537,2288,0.0001,0.0004932539759465726,0.0059370957,0.8545801192522049,-0.7875627945177257,0.614002175629139,360.0
150994944,288,9980,15128,0.0007074562990965205,-0.006636954378336668,0.2,0.0570683479309082,0.2839084565639496,2296,0.0001,0.0006351613346851082,0.004942914,0.5443936288356781,-0.8018813082017004,0.614002175629139,360.0
151519232,289,10011,15134,1.8649057452080342e-05,-0.009889534674584866,0.2,0.06000018119812012,0.28059902787208557,2304,0.0001,-0.0018948203858144552,0.0055913674,0.8342787027359009,-0.7629468375816941,0.614002175629139,360.0
152043520,290,10042,15139,0.0010402871630503796,-0.006192083470523357,0.2,0.05567026138305664,0.28190359473228455,2312,0.0001,0.0007419576133997907,0.004836891,0.40902179479599,-0.7520369617268443,0.614002175629139,360.0
152567808,291,10073,15145,3.3822839839103835e-05,-0.008364862762391567,0.2,0.05741739273071289,0.2806397080421448,2320,0.0001,-0.00014461994010162016,0.0055441917,0.8763446733355522,-0.744888199493289,0.614002175629139,360.0
153092096,292,10104,15150,0.0010747135552264808,-0.006750013679265976,0.2,0.05561518669128418,0.28209394216537476,2328,0.0001,0.0007306661856318897,0.004997161,0.48116809129714966,-0.7504752154927701,0.614002175629139,360.0
153616384,293,10137,15153,4.020950046879079e-05,-0.008337809704244137,0.2,0.0597076416015625,0.2815343737602234,2336,0.0001,9.188710896523844e-05,0.004795527,0.9032944440841675,-0.7540609021671116,0.6416298593208194,360.0
154140672,294,10168,15158,0.000570662696418367,-0.005108002573251724,0.2,0.055655717849731445,0.28223106265068054,2344,0.0001,0.000685550926959877,0.005318447,0.48386454582214355,-0.7585006291046739,0.6416298593208194,360.0
154664960,295,10199,15164,3.337280836746004e-05,-0.00984610989689827,0.2,0.059572696685791016,0.27880680561065674,2352,0.0001,-0.0009800988975712244,0.0064581297,0.6054982542991638,-0.714185951044783,0.6416298593208194,360.0
155189248,296,10230,15168,0.001017666781308435,-0.0065729073248803616,0.2,0.05376434326171875,0.27944648265838623,2360,0.0001,0.0006432886971197149,0.005093348,0.45509833097457886,-0.6982088575605303,0.6416298593208194,360.0
155713536,297,10261,15174,3.159725894619214e-05,-0.0062945387326180935,0.2,0.05586957931518555,0.2774866819381714,2368,0.0001,-0.0001214761512073892,0.0050544273,0.8638970404863358,-0.6760626044124365,0.6416298593208194,360.0
156237824,298,10292,15179,0.0010180344575019262,-0.006642464082688093,0.2,0.06196784973144531,0.27835386991500854,2376,0.0001,0.0006589690233340662,0.005648757,0.5349498093128204,-0.6719438335858285,0.6416298593208194,360.0
156762112,299,10325,15182,4.15822007511224e-05,-0.008040144108235836,0.2,0.06050395965576172,0.27716827392578125,2384,0.0001,0.00016078549674602982,0.005240904,0.914962500333786,-0.662817035568878,0.6283041951432824,360.0
157286400,300,10356,15186,0.0004402573887318795,-0.006903367582708597,0.2,0.07387042045593262,0.2783677577972412,2392,0.0001,0.0007035870472691386,0.006148313,0.4760013222694397,-0.6677898943889886,0.6283041951432824,360.0
157810688,301,10387,15192,0.0008763986988924444,-0.007339580915868282,0.2,0.04986166954040527,0.2793262302875519,2400,0.0001,0.0008328658668688149,0.0048566563,0.07877343893051147,-0.6902824244461954,0.6283041951432824,360.0
158334976,302,10418,15196,8.641354281735403e-05,-0.008466904051601887,0.2,0.05777859687805176,0.2792912423610687,2408,0.0001,-0.00012405615188981756,0.005674701,0.9233523011207581,-0.6968369102105498,0.6283041951432824,360.0
158859264,303,10449,15202,0.0011241307183809113,-0.007510395720601082,0.2,0.05478620529174805,0.28046947717666626,2416,0.0001,0.000809470989224792,0.0049059475,0.4522016644477844,-0.712806997820735,0.6283041951432824,360.0
159383552,304,10482,15204,5.902866067231116e-05,-0.005718170199543238,0.2,0.05593109130859375,0.27995434403419495,2424,0.0001,-0.00014036284085250372,0.0058312044,0.9292607083916664,-0.71477533550933,0.6388453168421984,360.0
159907840,305,10513,15210,0.0006120323325831123,-0.004485127050429583,0.2,0.062311410903930664,0.28108513355255127,2432,0.0001,0.0007797322421083663,0.0057389727,0.5541142523288727,-0.7267548297531903,0.6388453168421984,360.0
160432128,306,10544,15214,2.0039056934706423e-05,-0.008932293392717838,0.2,0.05756735801696777,0.2778089940547943,2440,0.0001,-0.001264672976503789,0.0057586785,0.7237756550312042,-0.6861679798457772,0.6388453168421984,360.0
160956416,307,10575,15219,0.001007422046541251,-0.007070071529597044,0.2,0.05492091178894043,0.2788270115852356,2448,0.0001,0.0007618805798301764,0.0051741535,0.4269791841506958,-0.6745613091625273,0.6388453168421984,360.0
161480704,308,10606,15224,3.2189314254083e-05,-0.00676097022369504,0.2,0.05800628662109375,0.2774936258792877,2456,0.0001,-0.0001249546207873209,0.005015375,0.8634912371635437,-0.6644773420412093,0.6388453168421984,360.0
162004992,309,10637,15229,0.0010289401006957632,-0.005565236322581768,0.2,0.0622410774230957,0.2787849009037018,2464,0.0001,0.0008172314007879322,0.005663938,0.4926273226737976,-0.6688512733671814,0.6388453168421984,360.0
162529280,310,10670,15231,3.832911958312479e-05,-0.007726673968136311,0.2,0.05577278137207031,0.27819186449050903,2472,0.0001,9.38008911361976e-05,0.0051986165,0.9058153629302979,-0.6685661128722131,0.6437598129361868,360.0
163053568,311,10701,15236,0.0006081965220801067,-0.006714392453432083,0.2,0.05546832084655762,0.2789757251739502,2480,0.0001,0.0005710783331096536,0.005152222,0.440668523311615,-0.675100315362215,0.6437598129361868,360.0
163577856,312,10732,15241,2.678508892017817e-05,-0.0082000233232975,0.2,0.05879497528076172,0.2759299576282501,2488,0.0001,-0.0008606429503288382,0.0052256286,0.656575471162796,-0.6379422419704497,0.6437598129361868,360.0
164102144,313,10763,15245,0.0009662015652338596,-0.004267953801900148,0.2,0.06031060218811035,0.27732133865356445,2496,0.0001,0.000981517980562785,0.005636772,0.4906145930290222,-0.6328622717410326,0.6437598129361868,360.0
164626432,314,10794,15250,3.3046562137428737e-05,-0.008170066401362419,0.2,0.06422662734985352,0.2757743299007416,2504,0.0001,-0.00021514350089546497,0.006166302,0.8950847685337067,-0.621798753272742,0.6437598129361868,360.0
165150720,315,10827,15252,0.000892927978611624,-0.007926215417683125,0.2,0.06362271308898926,0.2771347165107727,2512,0.0001,0.0005978420897463366,0.005964218,0.5886510610580444,-0.6262393482029438,0.6447008193656802,360.0
165675008,316,10858,15257,0.0007151096456254891,-0.006185353733599186,0.2,0.05346083641052246,0.27805137634277344,2520,0.0001,0.0006115923451943672,0.005213638,0.37992632389068604,-0.6486654551699758,0.6447008193656802,360.0
166199296,317,10889,15261,2.7788238675441335e-05,-0.0069983224384486675,0.2,0.054826974868774414,0.27669382095336914,2528,0.0001,-0.00029125774062777054,0.0054097474,0.9103885889053345,-0.6371679864823818,0.6447008193656802,360.0
166723584,318,10920,15266,0.0010539430886638002,-0.005938850808888674,0.2,0.055327415466308594,0.277804970741272,2536,0.0001,0.0006804183497024496,0.0054754484,0.36929625272750854,-0.6408162079751492,0.6447008193656802,360.0
167247872,319,10952,15270,4.0126603664703e-05,-0.007457958534359932,0.2,0.052187442779541016,0.2769322991371155,2544,0.0001,0.00034752811370708514,0.005010647,0.9041042849421501,-0.6372323697432876,0.6447008193656802,360.0
167772160,320,10982,15275,0.0010640120735843084,-0.005506879184395075,0.2,0.05300450325012207,0.27807214856147766,2552,0.0001,0.0005930883000928588,0.004932771,0.48419445753097534,-0.6447166106663644,0.6447008193656802,360.0
168296448,321,11016,15276,3.79769609963887e-05,-0.007800597231835127,0.2,0.05700254440307617,0.2775772213935852,2560,0.0001,0.00016061166309100372,0.005641272,0.9148863106966019,-0.6470348567236215,0.6430323829501867,360.0
168820736,322,11047,15281,0.0005544067362279748,-0.005098293069750071,0.2,0.05503273010253906,0.27837833762168884,2568,0.0001,0.0006267015037337842,0.005568302,0.527762770652771,-0.65260030166246,0.6430323829501867,360.0
169345024,323,11078,15285,3.005365675790017e-05,-0.009399477392435074,0.2,0.06101560592651367,0.27509021759033203,2576,0.0001,-0.0012749987083680026,0.005788758,0.6333813369274139,-0.6103317947126925,0.6430323829501867,360.0
169869312,324,11109,15289,0.0009560861446971103,-0.0058588203974068165,0.2,0.060933828353881836,0.27668043971061707,2584,0.0001,0.0007207076337181206,0.005414351,0.4535149335861206,-0.6060171944554895,0.6430323829501867,360.0
170393600,325,11141,15293,3.4810509269789236e-05,-0.005982371512800455,0.2,0.05825018882751465,0.2754719853401184,2592,0.0001,7.104983365024964e-05,0.0051211324,0.888201929628849,-0.6024867771193385,0.6430323829501867,360.0
170917888,326,11172,15297,0.001040406570155028,-0.004789046011865139,0.2,0.05836367607116699,0.27669796347618103,2600,0.0001,0.000841989961827494,0.005483061,0.5208607614040375,-0.6091603310778737,0.6430323829501867,360.0
171442176,327,11205,15299,3.6029461504938354e-05,-0.006605170667171478,0.2,0.05918145179748535,0.275878369808197,2608,0.0001,-0.00022185036641531042,0.0050711725,0.9201287627220154,-0.6055802279151976,0.6331831105053425,360.0
171966464,328,11236,15304,0.0005641653597194818,-0.005879787262529135,0.2,0.06252408027648926,0.2770266532897949,2616,0.0001,0.0006737447272371355,0.005000888,0.4288790822029114,-0.6161233766470104,0.6331831105053425,360.0
172490752,329,11267,15308,2.8067022554978394e-05,-0.0050745075568556786,0.2,0.05946946144104004,0.2740304172039032,2624,0.0001,-0.0009347353425255278,0.005914123,0.7051968276500702,-0.5824008353520185,0.6331831105053425,360.0
173015040,330,11298,15313,0.0008019881363452441,-0.0034682396799325943,0.2,0.06937527656555176,0.2757219970226288,2632,0.0001,0.0007842599957257335,0.0060896054,0.5616139769554138,-0.578694952884689,0.6331831105053425,360.0
173539328,331,11329,15317,2.7079827653153643e-05,-0.006333575118333101,0.2,0.06136584281921387,0.27393317222595215,2640,0.0001,-0.0003071254363931075,0.005342078,0.9005966112017632,-0.5676489768084139,0.6331831105053425,360.0
174063616,332,11362,15319,0.0002748986320852964,-0.0043117753230035305,0.2,0.07322978973388672,0.27494341135025024,2648,0.0001,0.0005296010197071155,0.007168182,0.8528604954481125,-0.565351189346984,0.6412803528830409,360.0
174587904,333,11393,15323,0.0006927765684849874,-0.005896963179111481,0.2,0.05979037284851074,0.27566593885421753,2656,0.0001,0.0006424746936772863,0.0057836557,0.5410993099212646,-0.5824619240593165,0.6412803528830409,360.0
175112192,334,11424,15327,1.7266427281725782e-05,-0.006399990525096655,0.2,0.05869889259338379,0.2731162905693054,2664,0.0001,-0.0010254056617213791,0.0051421197,0.8380086719989777,-0.5541612689848989,0.6412803528830409,360.0
175636480,335,11455,15332,0.0010176867949667212,-0.005859720520675182,0.2,0.06190824508666992,0.27456650137901306,2672,0.0001,0.000790197436458584,0.0057216296,0.404413104057312,-0.5517193002160639,0.6412803528830409,360.0
176160768,336,11486,15336,2.9674223242182052e-05,-0.0030367346480488777,0.2,0.05756115913391113,0.27345070242881775,2680,0.0001,-6.616935229430965e-05,0.0054603657,0.8821531310677528,-0.5478712911717594,0.6412803528830409,360.0
176685056,337,11516,15341,0.0010435314538881357,-0.00485986890271306,0.2,0.06344485282897949,0.2746551036834717,2688,0.0001,0.0008418103427629831,0.006456911,0.49885737895965576,-0.5554130394011736,0.6412803528830409,360.0
177209344,338,11550,15342,3.6902269087590867e-05,-0.006331923417747021,0.2,0.0649118423461914,0.274135947227478,2696,0.0001,0.00014583560846403998,0.006402865,0.9174276143312454,-0.5563157796859741,0.627479174733162,360.0
177733632,339,11580,15347,0.0005824854511047306,-0.0054593319073319435,0.2,0.0634145736694336,0.27512305974960327,2704,0.0001,0.0008999740555282187,0.0059260377,0.48312830924987793,-0.5666655693203211,0.627479174733162,360.0
178257920,340,11611,15351,2.6669269210799484e-05,-0.007257561199367046,0.2,0.05965447425842285,0.2722027003765106,2712,0.0001,-0.001326651067529383,0.0060654227,0.6236925423145294,-0.5311767137609422,0.627479174733162,360.0
178782208,341,11642,15355,0.0009747300707658724,-0.0037786897737532854,0.2,0.06006264686584473,0.2735641896724701,2720,0.0001,0.0007590883388957081,0.0056228936,0.4529713988304138,-0.5296417910140008,0.627479174733162,360.0
179306496,342,11674,15359,2.9368105657567867e-05,-0.005620348732918501,0.2,0.06362581253051758,0.2719452977180481,2728,0.0001,-0.0005782479306617461,0.0057534697,0.8739076405763626,-0.5168460269924253,0.627479174733162,360.0
179830784,343,11704,15363,0.0009840090453963057,-0.004057355225086212,0.2,0.05939507484436035,0.27270209789276123,2736,0.0001,0.0007798778099186165,0.0060334513,0.5504015386104584,-0.5144379602279514,0.627479174733162,360.0
180355072,344,11737,15365,3.316817181087117e-05,-0.0024717908818274736,0.2,0.06033897399902344,0.27187395095825195,2744,0.0001,-2.3151338609750383e-05,0.006102067,0.92817572504282,-0.5097360126674175,0.6542036336660385,360.0
180879360,345,11768,15369,0.000443131488623294,-0.004937391262501478,0.2,0.07555866241455078,0.2728886902332306,2752,0.0001,0.0008886800890195445,0.00618925,0.466647744178772,-0.5161327982787043,0.6542036336660385,360.0
181403648,346,11799,15373,0.0008483701992645365,-0.0039961328729987144,0.2,0.05939316749572754,0.2740793228149414,2760,0.0001,0.0011345718155553186,0.005490421,0.07573390007019043,-0.5396299751009792,0.6542036336660385,360.0
181927936,347,11830,15377,8.299682957613186e-05,-0.005438206251710653,0.2,0.05886960029602051,0.27404481172561646,2768,0.0001,0.00016872037906523474,0.0060577765,0.9194726869463921,-0.5500635372009128,0.6542036336660385,360.0
182452224,348,11861,15381,0.0010795130738188163,-0.0040372260846197605,0.2,0.05797934532165527,0.27502545714378357,2776,0.0001,0.0009113401254126074,0.005233496,0.4596484899520874,-0.5639945715665817,0.6542036336660385,360.0
182976512,349,11894,15383,6.847564854695065e-05,-0.0057272473350167274,0.2,0.06359076499938965,0.27460944652557373,2784,0.0001,0.0004979232488722118,0.005896558,0.9285926222801208,-0.5670008917804807,0.636264393851161,360.0
183500800,350,11925,15387,0.0006053478764442843,-0.006625503301620483,0.2,0.06598114967346191,0.2754775285720825,2792,0.0001,0.0010080510107854934,0.0049377778,0.574015200138092,-0.5779843463096768,0.636264393851161,360.0
184025088,351,11956,15391,2.1952648957324072e-05,-0.0054146223701536655,0.2,0.06075644493103027,0.27227550745010376,2800,0.0001,-0.0011072744416651403,0.0064327936,0.7210667729377747,-0.537363036070019,0.636264393851161,360.0
184549376,352,11987,15395,0.000972771048964205,-0.004869040567427874,0.2,0.05968451499938965,0.27379369735717773,2808,0.0001,0.0009544495826503407,0.0051116026,0.43360596895217896,-0.5336574311368167,0.636264393851161,360.0
185073664,353,12018,15399,3.444356519111125e-05,-0.004171138163655996,0.2,0.061667442321777344,0.2729407548904419,2816,0.0001,0.0005797177734621073,0.0060224454,0.8845549449324608,-0.5331148318946362,0.636264393851161,360.0
185597952,354,12049,15403,0.0010064431035061716,-0.005466178059577942,0.2,0.05791735649108887,0.2741873860359192,2824,0.0001,0.0007265811557317647,0.0050432263,0.5245672166347504,-0.5445174537599087,0.636264393851161,360.0
186122240,355,12082,15404,4.196540984224839e-05,-0.005904205609112978,0.2,0.06223893165588379,0.27354758977890015,2832,0.0001,0.0005796191961735531,0.0051475735,0.9295801669359207,-0.5447504669427872,0.676181066185236,360.0
186646528,356,12112,15408,0.0005529265147288243,-0.005730863194912672,0.2,0.06436347961425781,0.27460023760795593,2840,0.0001,0.0007037504110485315,0.0055827894,0.45903444290161133,-0.5555761533323675,0.676181066185236,360.0
187170816,357,12144,15412,2.7477840291112443e-05,-0.00635711383074522,0.2,0.05540871620178223,0.27181750535964966,2848,0.0001,-0.0009019515321142535,0.0054334262,0.6944080591201782,-0.521949041634798,0.676181066185236,360.0
187695104,358,12174,15416,0.0009538240533402131,-0.004274880513548851,0.2,0.06564593315124512,0.27312904596328735,2856,0.0001,0.0008348571896021895,0.0056817997,0.4894283413887024,-0.5169467639643699,0.676181066185236,360.0
188219392,359,12206,15420,3.304736479492476e-05,-0.004376099910587072,0.2,0.060651302337646484,0.2717093229293823,2864,0.0001,-0.0001281072688925633,0.005787221,0.8978357836604118,-0.507366094738245,0.676181066185236,360.0
188743680,360,12238,15422,0.0008796780339253019,-0.0050767469219863415,0.2,0.07027721405029297,0.2734459340572357,2872,0.0001,0.000725944750229246,0.0058615087,0.6325280368328094,-0.5176582173444331,0.6358637571707368,360.0
189267968,361,12269,15425,0.0006889587850764656,-0.003924158867448568,0.2,0.05504107475280762,0.2747039794921875,2880,0.0001,0.0008558857293792244,0.005191179,0.5058259963989258,-0.5477093330118805,0.6358637571707368,360.0
189792256,362,12300,15429,2.6899936258928392e-05,-0.0049006082117557526,0.2,0.051137447357177734,0.2736678123474121,2888,0.0001,6.06886263767592e-05,0.0048714606,0.9137928485870361,-0.5458982575219125,0.6358637571707368,360.0
190316544,363,12332,15431,0.0010067730838727584,-0.004335860721766949,0.2,0.061952829360961914,0.27486225962638855,2896,0.0001,0.0009368673536300776,0.005470194,0.3645417094230652,-0.5531840312760323,0.6358637571707368,360.0
190840832,364,12363,15435,3.9888589299152954e-05,-0.005448402836918831,0.2,0.05420184135437012,0.2748018503189087,2904,0.0001,0.0004612245159023587,0.0051357336,0.9037382751703262,-0.5609616746660322,0.6358637571707368,360.0
191365120,365,12394,15439,0.001058084017586225,-0.0057794759050011635,0.2,0.06270503997802734,0.27586042881011963,2912,0.0001,0.0009584073982296104,0.0057859784,0.4980698227882385,-0.5740842630621046,0.6358637571707368,360.0
191889408,366,12427,15441,4.0131521622299715e-05,-0.004305579233914614,0.2,0.05702829360961914,0.2753412425518036,2920,0.0001,0.0004374800853383931,0.005348423,0.9279845729470253,-0.5751971988938749,0.663001101911068,360.0
192413696,367,12458,15444,0.0005700002541288995,-0.0053052171133458614,0.2,0.06231522560119629,0.27621883153915405,2928,0.0001,0.0007323555325911002,0.006331638,0.5375295281410217,-0.5844782409258187,0.663001101911068,360.0
192937984,368,12489,15447,2.625379831755481e-05,-0.007691042497754097,0.2,0.05795025825500488,0.27305418252944946,2936,0.0001,-0.0010645673985436588,0.0057745315,0.616692841053009,-0.5451808541547507,0.663001101911068,360.0
193462272,369,12521,15450,0.0009651171938003245,-0.00364386267028749,0.2,0.058931589126586914,0.2738250494003296,2944,0.0001,0.0007577482463148044,0.005265948,0.4412674903869629,-0.5337507002986968,0.663001101911068,360.0
193986560,370,12551,15454,3.593154317371727e-05,-0.0060569425113499165,0.2,0.06434440612792969,0.2726718783378601,2952,0.0001,-0.0001277020924135286,0.005668251,0.8829721286892891,-0.5232922348659486,0.663001101911068,360.0
194510848,371,12583,15457,0.001012802039667804,-0.005339520983397961,0.2,0.06348943710327148,0.2735610008239746,2960,0.0001,0.0010058445898266655,0.0056873546,0.5529711842536926,-0.5276874753180891,0.663001101911068,360.0
195035136,372,12615,15459,4.068215348240756e-05,-0.0072698211297392845,0.2,0.0673360824584961,0.2729230523109436,2968,0.0001,-3.4903014693554724e-05,0.006105819,0.9340060874819756,-0.5254373645875603,0.6461714291572571,360.0
195559424,373,12647,15462,0.0005274549902196668,-0.00431918166577816,0.2,0.06798291206359863,0.2740370035171509,2976,0.0001,0.0008133893170452211,0.00589751,0.4326047897338867,-0.5351315448060632,0.6461714291572571,360.0
196083712,374,12677,15466,2.221489251752473e-05,-0.0059590726159513,0.2,0.06048846244812012,0.2711982727050781,2984,0.0001,-0.0012286825956380198,0.005730762,0.6832215487957001,-0.5025307056494057,0.6461714291572571,360.0
196608000,375,12708,15470,0.0007711895736974839,-0.0038365465588867664,0.2,0.07312130928039551,0.27302369475364685,2992,0.0001,0.0008511603399483647,0.0067235995,0.5614696443080902,-0.5071903076022863,0.6461714291572571,360.0
197132288,376,12740,15473,2.8601090861002376e-05,-0.007139150518923998,0.2,0.07314276695251465,0.2713159918785095,3000,0.0001,-0.0003160171343097318,0.0062988,0.9076345190405846,-0.4999445895664394,0.6461714291572571,360.0
197656576,377,12773,15474,0.00026789107016611524,-0.004075971432030201,0.2,0.08150362968444824,0.27163198590278625,3008,0.0001,0.0004934626279009535,0.0071191043,0.8583564907312393,-0.4901017500087619,0.6562212511524558,360.0
198180864,378,12804,15477,0.0006713858706461906,-0.0039867376908659935,0.2,0.0591893196105957,0.2723953127861023,3016,0.0001,0.0008107605951863661,0.0054788324,0.5630429089069366,-0.5054682830814272,0.6562212511524558,360.0
198705152,379,12835,15481,1.77407723853662e-05,-0.00601084204390645,0.2,0.0605015754699707,0.27003946900367737,3024,0.0001,-0.001059307662444553,0.0055546234,0.8391324430704117,-0.47788024018518627,0.6562212511524558,360.0
199229440,380,12866,15484,0.0010374202900038654,-0.003869078354910016,0.2,0.06360030174255371,0.27111244201660156,3032,0.0001,0.0009462038017318264,0.0061066607,0.408946692943573,-0.4739373563788831,0.6562212511524558,360.0
199753728,381,12896,15488,3.0436575990222536e-05,-0.005421323236078024,0.2,0.058200836181640625,0.2703927159309387,3040,0.0001,3.6581354834197555e-07,0.0049403794,0.895283117890358,-0.47237578779459,0.6562212511524558,360.0
200278016,382,12928,15491,0.0010465215823387553,-0.0037232411559671164,0.2,0.06020545959472656,0.27162331342697144,3048,0.0001,0.0008724733136205032,0.005212258,0.5078625082969666,-0.48289431049488485,0.6562212511524558,360.0
200802304,383,12960,15492,3.6994469198248225e-05,-0.004964158404618502,0.2,0.05527758598327637,0.2708774209022522,3056,0.0001,0.00017025756960720173,0.005708187,0.9258847609162331,-0.4814466289244592,0.645084335654974,360.0
201326592,384,12992,15495,0.0005472411376103992,-0.005157054401934147,0.2,0.06082963943481445,0.2719659209251404,3064,0.0001,0.000704800050243648,0.005655989,0.508501797914505,-0.4891023989766836,0.645084335654974,360.0
201850880,385,13022,15499,2.806908123886842e-05,-0.006163625977933407,0.2,0.05501914024353027,0.26861071586608887,3072,0.0001,-0.0005553106559545995,0.005984313,0.664932131767273,-0.4496132202912122,0.645084335654974,360.0
202375168,386,13053,15502,0.0009842996428233164,-0.0032733785919845104,0.2,0.06069469451904297,0.2695932388305664,3080,0.0001,0.0009629162757391896,0.00579885,0.46843332052230835,-0.43674682010896504,0.645084335654974,360.0
202899456,387,13084,15506,2.9524790448931526e-05,-0.0027533643878996372,0.2,0.06200075149536133,0.2681405544281006,3088,0.0001,0.00027661230080866517,0.005302118,0.8960733860731125,-0.42267383611761034,0.645084335654974,360.0
203423744,388,13116,15509,0.0010081097771035274,-0.0009533879929222167,0.2,0.06931781768798828,0.2692539393901825,3096,0.0001,0.0008820591335734207,0.0066110557,0.5424299240112305,-0.4266172694042325,0.645084335654974,360.0
203948032,389,13148,15510,3.229676600824405e-05,-0.004678160883486271,0.2,0.06597137451171875,0.2687137722969055,3104,0.0001,-0.00014696437301608967,0.0057654018,0.9288287237286568,-0.42512264638207853,0.6644773481786251,360.0
204472320,390,13179,15513,0.00043813925344693416,-0.0030327853746712208,0.2,0.07264208793640137,0.2696687579154968,3112,0.0001,0.0007833346667212027,0.006275857,0.46476608514785767,-0.4343100874684751,0.6644773481786251,360.0
204996608,391,13210,15517,0.0008708315422154556,-0.0036212019622325897,0.2,0.05463862419128418,0.27094608545303345,3120,0.0001,0.000878865208960633,0.0057054004,0.08395254611968994,-0.45916317868977785,0.6644773481786251,360.0
205520896,392,13242,15520,8.296893796000404e-05,-0.005059176590293646,0.2,0.06099343299865723,0.271170437335968,3128,0.0001,-2.4230623239418492e-05,0.00550075,0.9213609099388123,-0.47260592062957585,0.6644773481786251,360.0
206045184,393,13272,15523,0.0010702136169129517,-0.004959214013069868,0.2,0.05672717094421387,0.2727096974849701,3136,0.0001,0.0007311634647066967,0.004996207,0.4493411183357239,-0.49376976722851396,0.6644773481786251,360.0
206569472,394,13305,15524,5.614882108773145e-05,-0.00424797460436821,0.2,0.0578310489654541,0.272677481174469,3144,0.0001,0.0004095022729870834,0.005838234,0.9307082742452621,-0.505589802749455,0.6360048450529575,360.0
207093760,395,13336,15528,0.0006317931722605863,-0.0056321825832128525,0.2,0.05811619758605957,0.2739717960357666,3152,0.0001,0.0007225419834639979,0.005353183,0.5358493328094482,-0.5238727212417871,0.6360048450529575,360.0
207618048,396,13367,15531,2.249187877367831e-05,-0.004443218000233173,0.2,0.055414438247680664,0.27086859941482544,3160,0.0001,-0.0010549024825650122,0.0057421867,0.7356376051902771,-0.48905228544026613,0.6360048450529575,360.0
208142336,397,13398,15534,0.0009696387210169632,-0.004358721897006035,0.2,0.05983924865722656,0.2720692753791809,3168,0.0001,0.0008604935958373972,0.00556099,0.43106770515441895,-0.4816117014270276,0.6360048450529575,360.0
208666624,398,13429,15537,3.134006731642103e-05,-0.0032129078172147274,0.2,0.06160998344421387,0.2706744074821472,3176,0.0001,-0.00021332457254175097,0.00595022,0.8859899118542671,-0.47217253712005913,0.6360048450529575,360.0
209190912,399,13460,15540,0.0010234985463739577,-0.003167408751323819,0.2,0.06522798538208008,0.27160772681236267,3184,0.0001,0.001020770436298335,0.005422457,0.509031355381012,-0.4738076124340296,0.6360048450529575,360.0
209715200,400,13493,15542,4.322859867045281e-05,-0.0051038749516010284,0.2,0.0643317699432373,0.27066993713378906,3192,0.0001,0.0002640746904489788,0.0056559984,0.9173386543989182,-0.4676970234140754,0.656550499945879,360.0
