time/total_timesteps,time/time_elapsed,time/fps,time/iterations,train/learning_rate,train/value_loss,train/entropy_loss,train/approx_kl,train/std,train/loss,train/clip_fraction,train/policy_gradient_loss,train/explained_variance,train/clip_range,train/n_updates,rollout/ep_len_mean,rollout/ep_rew_mean
524288,27,18799,1,,,,,,,,,,,,,
1048576,61,17059,2,0.0001,0.02607558568706736,-8.539944402873516,0.0060240016,1.006050944328308,-0.0899185836315155,0.05439925193786621,-0.005252023966022534,-0.864050030708313,0.2,8,,
1572864,94,16650,3,0.0001,0.011749952456739265,-8.572503753006458,0.005550348,1.0112402439117432,-0.08944587409496307,0.05249905586242676,-0.004235484246692067,0.5431902706623077,0.2,16,,
2097152,126,16576,4,0.0001,0.0044584885699805454,-8.591184243559837,0.0053554806,1.0136325359344482,-0.0910850241780281,0.045919179916381836,-0.004258819035158012,0.813015803694725,0.2,24,,
2621440,158,16525,5,0.0001,0.007518891412473749,-8.614101830869913,0.0040055066,1.0185140371322632,-0.08657623082399368,0.023258209228515625,-0.0017989608534207946,0.5838849544525146,0.2,32,,
3145728,189,16619,6,0.0001,0.003679024310258683,-8.640436381101608,0.0037681856,1.022722601890564,-0.08925610780715942,0.0233612060546875,-0.002227037283773825,0.7577218562364578,0.2,40,360.0,-3.247735848426819
3670016,215,17008,7,0.0001,0.00437981113918795,-8.67284482344985,0.0030368543,1.0291861295700073,-0.08819456398487091,0.013826370239257812,-0.0013666483173437882,0.38663196563720703,0.2,48,360.0,-3.247735848426819
4194304,254,16508,8,0.0001,0.0012120326446165564,-8.695046178996563,0.0055828094,1.0317013263702393,-0.09261203557252884,0.05510687828063965,-0.005087187450953934,0.8695285320281982,0.2,56,360.0,-3.247735848426819
4718592,298,15794,9,0.0001,0.0037537768448601128,-8.71786941960454,0.0048459047,1.0367236137390137,-0.09025122225284576,0.039777278900146484,-0.00300358800950562,0.6240143179893494,0.2,64,360.0,-3.247735848426819
5242880,343,15250,10,0.0001,0.0014735207992089272,-8.738880697637796,0.005321048,1.0395084619522095,-0.09232306480407715,0.04875040054321289,-0.004425962298682862,0.8270774781703949,0.2,72,360.0,-3.247735848426819
5767168,388,14853,11,0.0001,0.0027244487591815414,-8.762659136205912,0.004437403,1.0448169708251953,-0.09093499928712845,0.031463623046875,-0.002468196781592269,0.6068264245986938,0.2,80,360.0,-3.247735848426819
6291456,418,15051,12,0.0001,0.0013653482387780969,-8.786101784557104,0.0050863344,1.0480679273605347,-0.0918225347995758,0.043424129486083984,-0.0038775128136876447,0.8205809891223907,0.2,88,360.0,-3.2750409841537476
6815744,448,15203,13,0.0001,0.0020520797938843316,-8.805924963206053,0.005403955,1.0515011548995972,-0.0926266759634018,0.049336910247802734,-0.003946851983982924,0.5541743040084839,0.2,96,360.0,-3.2750409841537476
7340032,488,15020,14,0.0001,0.0007183741690823808,-8.824780073016882,0.0056091817,1.0552284717559814,-0.09568199515342712,0.05344820022583008,-0.004794963732820179,0.8454141467809677,0.2,104,360.0,-3.2750409841537476
7864320,529,14855,15,0.0001,0.0021602793167403433,-8.849901746958494,0.0038521742,1.0598914623260498,-0.0902833640575409,0.021633148193359375,-0.001713078556349501,0.731827586889267,0.2,112,360.0,-3.2750409841537476
8388608,569,14737,16,0.0001,0.0009638573574193288,-8.87546968832612,0.003930363,1.0640515089035034,-0.09119436144828796,0.02498912811279297,-0.0023246622990882315,0.863277330994606,0.2,120,360.0,-3.2750409841537476
8912896,607,14664,17,0.0001,0.0013139197353666532,-8.8965975753963,0.0037843229,1.0676559209823608,-0.09086744487285614,0.021279573440551758,-0.001901803991131601,0.8272047489881516,0.2,128,360.0,-3.1317891263961792
9437184,633,14887,18,0.0001,0.003139886439385009,-8.923361029475927,0.0035171926,1.0734102725982666,-0.0897119790315628,0.017777442932128906,-0.0012751872486660432,0.5373449325561523,0.2,136,360.0,-3.1317891263961792
9961472,667,14915,19,0.0001,0.0005076924322793275,-8.933667816221714,0.0067565115,1.073775053024292,-0.09682554751634598,0.07150077819824219,-0.005752601593485451,0.8609652370214462,0.2,144,360.0,-3.1317891263961792
10485760,705,14855,20,0.0001,0.0022616578307861346,-8.950693864375353,0.004027029,1.078075885772705,-0.09218750894069672,0.025351524353027344,-0.002013808977608278,0.6707221865653992,0.2,152,360.0,-3.1317891263961792
11010048,744,14790,21,0.0001,0.0012212012074996892,-8.973687004297972,0.003692214,1.082467794418335,-0.09153690189123154,0.021039724349975586,-0.0018781610240239388,0.8149087876081467,0.2,160,360.0,-3.1317891263961792
11534336,784,14698,22,0.0001,0.00240714686242427,-9.008136197924614,0.003237418,1.0896034240722656,-0.09275040030479431,0.01569366455078125,-0.0012148601119861269,0.6232177913188934,0.2,168,360.0,-3.1317891263961792
12058624,817,14753,23,0.0001,0.0014869619612909446,-9.044517755508423,0.0035943682,1.0958226919174194,-0.0912473276257515,0.01985454559326172,-0.0016606240369583247,0.7778822183609009,0.2,176,360.0,-2.8699205255508424
12582912,844,14899,24,0.0001,0.0022692006796205533,-9.06348666921258,0.004316337,1.0979424715042114,-0.09419316053390503,0.02885580062866211,-0.0022701115178733744,0.6568394899368286,0.2,184,360.0,-2.8699205255508424
13107200,878,14925,25,0.0001,0.00046758119697187794,-9.048977561295033,0.006762359,1.0937044620513916,-0.09726369380950928,0.07701969146728516,-0.007342735276779422,0.8879129365086555,0.2,192,360.0,-2.8699205255508424
13631488,915,14884,26,0.0001,0.001859861328284751,-9.062274929136038,0.0047549317,1.0991013050079346,-0.09362170845270157,0.038239240646362305,-0.0027465251926059864,0.6373861134052277,0.2,200,360.0,-2.8699205255508424
14155776,955,14818,27,0.0001,0.0010317206742911367,-9.084992002695799,0.004564919,1.102832317352295,-0.09507303684949875,0.03466200828552246,-0.003054927905850491,0.8085628598928452,0.2,208,360.0,-2.8699205255508424
14680064,993,14782,28,0.0001,0.0018638655769791512,-9.111203361302614,0.0033461351,1.108540415763855,-0.0926586389541626,0.019258737564086914,-0.0015093008452140566,0.657974123954773,0.2,216,360.0,-2.8699205255508424
15204352,1019,14908,29,0.0001,0.001117856774271786,-9.140095017850399,0.0037546393,1.1136301755905151,-0.09433777630329132,0.01938915252685547,-0.0018567770664503769,0.7390137016773224,0.2,224,360.0,-2.7866932702064515
15728640,1048,15000,30,0.0001,0.0010712136643178383,-9.151434317231178,0.004135326,1.1146447658538818,-0.09357324987649918,0.029531240463256836,-0.0020233483262472873,0.6852138340473175,0.2,232,360.0,-2.7866932702064515
16252928,1086,14964,31,0.0001,0.0012519521428657754,-9.16123041138053,0.0048236204,1.1175110340118408,-0.09434803575277328,0.03854703903198242,-0.0031281336823667516,0.5604101121425629,0.2,240,360.0,-2.7866932702064515
16777216,1123,14937,32,0.0001,0.0009220152319358021,-9.18786545470357,0.004825671,1.1234965324401855,-0.09726707637310028,0.040548086166381836,-0.00360236134747538,0.742610514163971,0.2,248,360.0,-2.7866932702064515
17301504,1161,14902,33,0.0001,0.0015439731164406112,-9.215647902339697,0.0046375543,1.1284793615341187,-0.09501437842845917,0.03435492515563965,-0.0027744133967644302,0.6297390758991241,0.2,256,360.0,-2.7866932702064515
17825792,1195,14906,34,0.0001,0.001079052931345359,-9.23740142211318,0.004942796,1.1320691108703613,-0.09609450399875641,0.04067802429199219,-0.0036821191013132193,0.7687498331069946,0.2,264,360.0,-2.7464728260040285
18350080,1224,14985,35,0.0001,0.002263394864712609,-9.255005680024624,0.004154966,1.1358296871185303,-0.09481394290924072,0.02679133415222168,-0.0020834523729718057,0.7000770270824432,0.2,272,360.0,-2.7464728260040285
18874368,1257,15009,36,0.0001,0.00037436517970945715,-9.251945603638887,0.0053584096,1.1336143016815186,-0.09615054726600647,0.048407793045043945,-0.004115869549877971,0.7416907250881195,0.2,280,360.0,-2.7464728260040285
19398656,1291,15021,37,0.0001,0.0013644510822814482,-9.267401605844498,0.003804278,1.1393423080444336,-0.09651708602905273,0.022431612014770508,-0.0019624368337645137,0.6409938037395477,0.2,288,360.0,-2.7464728260040285
19922944,1325,15029,38,0.0001,0.0011897808130925114,-9.298462316393852,0.0039025215,1.1451367139816284,-0.09608681499958038,0.02426886558532715,-0.0021772749696538085,0.7590396851301193,0.2,296,360.0,-2.7464728260040285
20447232,1360,15026,39,0.0001,0.001786693154826935,-9.33212187513709,0.00407605,1.1520518064498901,-0.0955481007695198,0.02786087989807129,-0.0022819243340563844,0.7727846056222916,0.2,304,360.0,-2.7464728260040285
20971520,1390,15086,40,0.0001,0.0012419114691510913,-9.36036717146635,0.004310914,1.1567660570144653,-0.09615327417850494,0.03209710121154785,-0.0029514612069760915,0.8647918403148651,0.2,312,360.0,-2.763008153438568
21495808,1415,15186,41,0.0001,0.0018247983334731543,-9.367026772350073,0.00482493,1.1569193601608276,-0.09620428085327148,0.04063534736633301,-0.0028600913442460296,0.6788376569747925,0.2,320,360.0,-2.763008153438568
22020096,1444,15247,42,0.0001,0.00044781560234241624,-9.362308517098427,0.005615169,1.1559717655181885,-0.10085663199424744,0.0551908016204834,-0.0056399460199827445,0.788549080491066,0.2,328,360.0,-2.763008153438568
22544384,1477,15262,43,0.0001,0.001199986458686908,-9.376943372189999,0.0040699067,1.1602134704589844,-0.09596423804759979,0.027558565139770508,-0.002678344899777585,0.6871484816074371,0.2,336,360.0,-2.763008153438568
23068672,1514,15227,44,0.0001,0.0007810620950294833,-9.39507319405675,0.0044577364,1.1637284755706787,-0.0983128622174263,0.03192329406738281,-0.003210345888419397,0.8297636806964874,0.2,344,360.0,-2.763008153438568
23592960,1555,15171,45,0.0001,0.0015251468748829211,-9.416276387870312,0.004465009,1.1682978868484497,-0.09863987565040588,0.03278923034667969,-0.003011301993865345,0.7920531332492828,0.2,352,360.0,-2.3930045676231386
24117248,1579,15273,46,0.0001,0.0029074735675749253,-9.449370492249727,0.0035420884,1.176241397857666,-0.09600045531988144,0.02223992347717285,-0.001654201256314991,0.6189294457435608,0.2,360,360.0,-2.3930045676231386
24641536,1603,15364,47,0.0001,0.0003449550117693434,-9.449163790792227,0.0050928425,1.172228217124939,-0.09884294122457504,0.04685521125793457,-0.0043334892670827685,0.7006067633628845,0.2,368,360.0,-2.3930045676231386
25165824,1629,15442,48,0.0001,0.0011975216375503805,-9.454739395529032,0.0037147305,1.176952600479126,-0.09741996973752975,0.020682573318481445,-0.002191319459143415,0.5665126144886017,0.2,376,360.0,-2.3930045676231386
25690112,1657,15498,49,0.0001,0.0007237264574087021,-9.469402596354485,0.00468572,1.1786181926727295,-0.09974244982004166,0.03203392028808594,-0.003831913071735471,0.8182322382926941,0.2,384,360.0,-2.3930045676231386
26214400,1687,15530,50,0.0001,0.0015316601393351448,-9.481376558542252,0.0041301204,1.1817805767059326,-0.09844785183668137,0.02868342399597168,-0.002918072823149487,0.74744513630867,0.2,392,360.0,-2.3930045676231386
26738688,1717,15569,51,0.0001,0.0007961195492498518,-9.484228197485209,0.0048766513,1.1811392307281494,-0.10051929950714111,0.03882718086242676,-0.004531414674602274,0.8759302794933319,0.2,400,360.0,-1.953280937075615
27262976,1741,15654,52,0.0001,0.0020386376136229956,-9.485552929341793,0.0035302453,1.1823729276657104,-0.09672568738460541,0.01946091651916504,-0.0016751173245665996,0.6774826049804688,0.2,408,360.0,-1.953280937075615
27787264,1766,15734,53,0.0001,0.00033197447612565156,-9.473448354750872,0.005466408,1.1791114807128906,-0.10066013038158417,0.04993081092834473,-0.0056253245077186875,0.7121157944202423,0.2,416,360.0,-1.953280937075615
28311552,1790,15808,54,0.0001,0.0016373290236515459,-9.482296451926231,0.0037335556,1.1829500198364258,-0.0984010174870491,0.020217180252075195,-0.002044894142954945,0.7030435502529144,0.2,424,360.0,-1.953280937075615
28835840,1816,15870,55,0.0001,0.0006452400341458997,-9.486389331519604,0.0052381204,1.1832842826843262,-0.1009446531534195,0.0395662784576416,-0.004831048639971414,0.871208667755127,0.2,432,360.0,-1.953280937075615
29360128,1843,15923,56,0.0001,0.002020064277076017,-9.496019627898932,0.004046048,1.1856099367141724,-0.09926099330186844,0.025502681732177734,-0.0026273909174960863,0.7550906240940094,0.2,440,360.0,-1.953280937075615
29884416,1869,15987,57,0.0001,0.0007576082832656539,-9.48906635120511,0.004899453,1.1834355592727661,-0.10002463310956955,0.03979635238647461,-0.004656008293522973,0.9123461544513702,0.2,448,360.0,-1.701367855668068
30408704,1893,16062,58,0.0001,0.0015231765123644436,-9.489091239869595,0.0043515684,1.184543251991272,-0.0959937795996666,0.0340571403503418,-0.001887130438717577,0.5621501803398132,0.2,456,360.0,-1.701367855668068
30932992,1917,16132,59,0.0001,0.0003371367355384791,-9.482283547520638,0.006460784,1.183045506477356,-0.10531041026115417,0.07104086875915527,-0.007730954953331093,0.6882078945636749,0.2,464,360.0,-1.701367855668068
31457280,1942,16197,60,0.0001,0.0013961513814138016,-9.490423236042261,0.0050865663,1.1855531930923462,-0.09895598143339157,0.04147481918334961,-0.003450112848668141,0.7290627360343933,0.2,472,360.0,-1.701367855668068
31981568,1967,16255,61,0.0001,0.00040252045437227935,-9.484030932188034,0.0067181587,1.1836050748825073,-0.105606310069561,0.07169485092163086,-0.007749869128019782,0.8715879172086716,0.2,480,360.0,-1.701367855668068
32505856,1994,16301,62,0.0001,0.0008280719123376912,-9.475634906440973,0.0056159683,1.181575059890747,-0.10128206014633179,0.05126333236694336,-0.005244577714393017,0.8792655691504478,0.2,488,360.0,-1.4085662531852723
33030144,2017,16372,63,0.0001,0.0016721308375053923,-9.474984239786863,0.0041116243,1.1826696395874023,-0.09708348661661148,0.027372121810913086,-0.0021044019786131685,0.6398093998432159,0.2,496,360.0,-1.4085662531852723
33554432,2040,16440,64,0.0001,0.00021869550590736253,-9.454750042408705,0.005724875,1.1775474548339844,-0.10101275891065598,0.053679704666137695,-0.005638725306653214,0.7477733194828033,0.2,504,360.0,-1.4085662531852723
34078720,2065,16501,65,0.0001,0.0017581798701939988,-9.450974322855473,0.0044551212,1.1784813404083252,-0.09893716126680374,0.03448009490966797,-0.0027463985215945286,0.637500524520874,0.2,512,360.0,-1.4085662531852723
34603008,2089,16556,66,0.0001,0.0004285867061071258,-9.435070049017668,0.0064810235,1.1745448112487793,-0.10250658541917801,0.06488561630249023,-0.0072920869347399275,0.9013987630605698,0.2,520,360.0,-1.4085662531852723
35127296,2114,16613,67,0.0001,0.001914445484544558,-9.433003086596727,0.003924003,1.1754910945892334,-0.09806492924690247,0.028043031692504883,-0.0024011770638026064,0.7022919654846191,0.2,528,360.0,-1.4085662531852723
35651584,2139,16663,68,0.0001,0.0004079086596675552,-9.416513454169035,0.0049170973,1.171425700187683,-0.09910780191421509,0.03837990760803223,-0.00471956831688658,0.8990977108478546,0.2,536,360.0,-1.077583291232586
36175872,2162,16725,69,0.0001,0.0015618270454069716,-9.418323427438736,0.0038485262,1.1738061904907227,-0.0958029106259346,0.025543212890625,-0.0014827690456513665,0.5176444351673126,0.2,544,360.0,-1.077583291232586
36700160,2186,16785,70,0.0001,0.00023015677362536735,-9.401059690862894,0.005563871,1.1689209938049316,-0.10111446678638458,0.05372762680053711,-0.006448841184919729,0.7476966083049774,0.2,552,360.0,-1.077583291232586
37224448,2210,16840,71,0.0001,0.0016066269836301217,-9.399871598929167,0.003714225,1.170661211013794,-0.09591957926750183,0.025376081466674805,-0.0018560110850103229,0.6835244596004486,0.2,560,360.0,-1.077583291232586
37748736,2234,16896,72,0.0001,0.00024390236217186612,-9.383170459419489,0.0059662126,1.1666901111602783,-0.1014406606554985,0.05750465393066406,-0.0065452029684820445,0.8610650449991226,0.2,568,360.0,-1.077583291232586
38273024,2257,16952,73,0.0001,0.0017505415125924628,-9.384652730077505,0.003652296,1.168632984161377,-0.09529850631952286,0.025332927703857422,-0.0017152529637769476,0.7003722190856934,0.2,576,360.0,-1.077583291232586
38797312,2282,17000,74,0.0001,0.0002491523583785238,-9.359463714063168,0.005330324,1.1621124744415283,-0.10009115934371948,0.0466461181640625,-0.005764659904343716,0.8799302950501442,0.2,584,360.0,-0.5939905304461718
39321600,2305,17055,75,0.0001,0.0012576695503412338,-9.28804573789239,0.006120119,1.1431090831756592,-0.09535551071166992,0.054106712341308594,-0.004107066787128133,0.6624324321746826,0.2,592,360.0,-0.5939905304461718
39845888,2329,17108,76,0.0001,0.0012571372521961166,-9.177366141229868,0.006082598,1.120593786239624,-0.09683375060558319,0.048531293869018555,-0.004690587730692641,0.3595379590988159,0.2,600,360.0,-0.5939905304461718
40370176,2352,17160,77,0.0001,0.0003294571276910574,-9.033080890774727,0.008227361,1.0917702913284302,-0.0995345488190651,0.0717768669128418,-0.00838590327930433,0.9018889144062996,0.2,608,360.0,-0.5939905304461718
40894464,2376,17210,78,0.0001,0.002021516773766052,-8.929691411554813,0.004309588,1.0753989219665527,-0.09120457619428635,0.024507999420166016,-0.0023207644971989794,0.5105958580970764,0.2,616,360.0,-0.5939905304461718
41418752,2400,17253,79,0.0001,0.0002514358325242938,-8.774452492594719,0.0087769525,1.043991208076477,-0.09998998790979385,0.07530832290649414,-0.010593030497147993,0.9314702823758125,0.2,624,360.0,-1.2361938923597335
41943040,2423,17303,80,0.0001,0.0017533536306473252,-8.673042606562376,0.004199732,1.0306484699249268,-0.08940129727125168,0.02611374855041504,-0.002072714067026027,0.4168062210083008,0.2,632,360.0,-1.2361938923597335
42467328,2447,17352,81,0.0001,0.00012383567053575462,-8.515750713646412,0.009793581,0.9996131658554077,-0.10211846977472305,0.0943305492401123,-0.013748634646617575,0.8153915703296661,0.2,640,360.0,-1.2361938923597335
42991616,2470,17398,82,0.0001,0.0018350891114096157,-8.42372826859355,0.0039480445,0.9896731376647949,-0.08705403655767441,0.024325132369995117,-0.001765248728588631,0.6196649372577667,0.2,648,360.0,-1.2361938923597335
43515904,2494,17445,83,0.0001,0.00017259778616107724,-8.290057834237814,0.008003516,0.962213933467865,-0.09539932012557983,0.06008028984069824,-0.009500137568466016,0.9025294631719589,0.2,656,360.0,-1.2361938923597335
44040192,2518,17488,84,0.0001,0.0018012932368947077,-8.19704032316804,0.0038582874,0.9532048106193542,-0.08433543145656586,0.02563166618347168,-0.001757218062721222,0.6364011466503143,0.2,664,360.0,-1.2361938923597335
44564480,2542,17526,85,0.0001,0.00017685451524585005,-8.068936564028263,0.007360115,0.9269876480102539,-0.08939407020807266,0.04884934425354004,-0.008025907328828907,0.892308384180069,0.2,672,360.0,-0.8194516870379448
45088768,2565,17572,86,0.0001,0.0014756215450688615,-7.972836220636964,0.0046594427,0.918347954750061,-0.08121975511312485,0.03394007682800293,-0.002043992429435093,0.4374316334724426,0.2,680,360.0,-0.8194516870379448
45613056,2589,17617,87,0.0001,0.00014481106927632936,-7.836154410615563,0.007715337,0.8913567066192627,-0.08976326137781143,0.05015301704406738,-0.008627921810784756,0.8241357654333115,0.2,688,360.0,-0.8194516870379448
46137344,2612,17661,88,0.0001,0.0015851268231017457,-7.741182062774897,0.0041163056,0.8839057683944702,-0.0789899155497551,0.026259660720825195,-0.0015548118904007424,0.6553009748458862,0.2,696,360.0,-0.8194516870379448
46661632,2635,17704,89,0.0001,0.00016405054213919357,-7.627129463478923,0.0069047967,0.8621014356613159,-0.08643858134746552,0.049054861068725586,-0.007205422099559655,0.8735272437334061,0.2,704,360.0,-0.8194516870379448
47185920,2659,17739,90,0.0001,0.0014064313695598685,-7.543581623584032,0.003756226,0.8558976054191589,-0.07644612342119217,0.027390241622924805,-0.0013705882756767096,0.7071153521537781,0.2,712,360.0,-0.5284537051618099
47710208,2683,17781,91,0.0001,0.0016061883311522251,-7.504245791584253,0.0034208794,0.8510953783988953,-0.07634969055652618,0.01887798309326172,-0.0009026219113366096,0.32626020908355713,0.2,720,360.0,-0.5284537051618099
48234496,2706,17819,92,0.0001,0.00010525315249765299,-7.388416793197393,0.008111253,0.8293681144714355,-0.08567651361227036,0.06857991218566895,-0.009192886721393734,0.9132832512259483,0.2,728,360.0,-0.5284537051618099
48758784,2730,17859,93,0.0001,0.0016461024783893663,-7.3154466021806,0.0034866966,0.8251844644546509,-0.07514295727014542,0.019667863845825195,-0.0008066661710017797,0.5313898324966431,0.2,736,360.0,-0.5284537051618099
49283072,2753,17899,94,0.0001,0.00016423009321897553,-7.213455276563764,0.00680367,0.8058618903160095,-0.08166703581809998,0.05450439453125,-0.007008999705249153,0.9373728409409523,0.2,744,360.0,-0.5284537051618099
49807360,2776,17938,95,0.0001,0.0016385185913350142,-7.144139971584082,0.003410149,0.8022605180740356,-0.07201340049505234,0.020119428634643555,-0.0007942647339405084,0.6104064881801605,0.2,752,360.0,-0.5284537051618099
50331648,2801,17968,96,0.0001,0.00016534900072429082,-7.048804463818669,0.0061359927,0.7839106917381287,-0.07789012044668198,0.04066872596740723,-0.00540476453534211,0.9236346110701561,0.2,760,360.0,-0.3042306287679821
50855936,2824,18006,97,0.0001,0.001263865720375179,-6.97090226598084,0.004003831,0.7787205576896667,-0.07033012807369232,0.028822660446166992,-0.0012185259631678491,0.42996448278427124,0.2,768,360.0,-0.3042306287679821
51380224,2847,18043,98,0.0001,9.692022973695202e-05,-6.842749552801251,0.007201652,0.7561892867088318,-0.07750970870256424,0.045210838317871094,-0.007236240668589744,0.8382215350866318,0.2,776,360.0,-0.3042306287679821
51904512,2870,18080,99,0.0001,0.0013795283816762094,-6.756908658891916,0.0036674973,0.7514022588729858,-0.06864165514707565,0.01971578598022461,-0.000908177639985297,0.6133892238140106,0.2,784,360.0,-0.3042306287679821
52428800,2894,18116,100,0.0001,0.00012005690774685718,-6.66156049259007,0.0062286872,0.7355262637138367,-0.07489079236984253,0.04854846000671387,-0.005539967264212464,0.8912272229790688,0.2,792,360.0,-0.3042306287679821
52953088,2917,18151,101,0.0001,0.0013937588414592028,-6.593320418149233,0.0036464653,0.7317099571228027,-0.06665617227554321,0.02205801010131836,-0.000863501883486606,0.6287756264209747,0.2,800,360.0,-0.3042306287679821
53477376,2941,18179,102,0.0001,0.00013243035186860652,-6.510416680946946,0.005542786,0.7178462743759155,-0.06939402967691422,0.03973793983459473,-0.004073507530392817,0.8874175250530243,0.2,808,360.0,-0.1317058487702161
54001664,2964,18213,103,0.0001,0.0009488469531788724,-6.4404747150838375,0.003964152,0.7129265666007996,-0.06610488891601562,0.02691936492919922,-0.0010716271031014912,0.4926074743270874,0.2,816,360.0,-0.1317058487702161
54525952,2988,18247,104,0.0001,9.319987029243748e-05,-6.325997736304998,0.006655489,0.6951121091842651,-0.07101508229970932,0.04690361022949219,-0.006091968631153577,0.8456831127405167,0.2,824,360.0,-0.1317058487702161
55050240,3011,18280,105,0.0001,0.0011788985366365523,-6.252993475645781,0.0036657564,0.6918628215789795,-0.06418399512767792,0.027944564819335938,-0.0009417152202786383,0.68378746509552,0.2,832,360.0,-0.1317058487702161
55574528,3034,18313,106,0.0001,0.0001003107934423042,-6.153714932501316,0.00605359,0.6756584048271179,-0.06792633980512619,0.03540182113647461,-0.004435048193954572,0.899857185781002,0.2,840,360.0,-0.1317058487702161
56098816,3058,18339,107,0.0001,0.0004242800338261077,-6.058551399037242,0.004240878,0.6683101058006287,-0.06360991299152374,0.03292679786682129,-0.0018211726642221038,0.8772453293204308,0.2,848,360.0,0.011621951591223478
56623104,3082,18371,108,0.0001,0.001233057293575257,-6.019034268334508,0.0038240503,0.6661792993545532,-0.0596620999276638,0.023431777954101562,-0.0004334715674758627,0.4590801000595093,0.2,856,360.0,0.011621951591223478
57147392,3105,18403,109,0.0001,5.765215567521409e-05,-5.902419628575444,0.0074890372,0.6478445529937744,-0.06698805838823318,0.053206443786621094,-0.00698266971198791,0.8919726684689522,0.2,864,360.0,0.011621951591223478
57671680,3128,18434,110,0.0001,0.0014062247578294773,-5.8351967465132475,0.0035641731,0.6463737487792969,-0.0585017055273056,0.022482872009277344,-0.0004978336687599949,0.548945963382721,0.2,872,360.0,0.011621951591223478
58195968,3151,18464,111,0.0001,9.883330503157595e-05,-5.75436300970614,0.0060867677,0.6334384679794312,-0.0639280155301094,0.04128289222717285,-0.004031917875636282,0.9160638973116875,0.2,880,360.0,0.011621951591223478
58720256,3174,18494,112,0.0001,0.001290222568968602,-5.697995321825147,0.0036388077,0.6319527626037598,-0.056835804134607315,0.021120548248291016,-0.0005196577106971745,0.5905449986457825,0.2,888,360.0,0.011621951591223478
59244544,3199,18517,113,0.0001,0.00010234540036435646,-5.627925870940089,0.0052902037,0.6208140850067139,-0.06081458553671837,0.040090084075927734,-0.003337042618113628,0.9021264761686325,0.2,896,360.0,0.1021629083994776
59768832,3222,18546,114,0.0001,0.0009404872148479626,-5.571197489276528,0.0039680777,0.6184723377227783,-0.05700584873557091,0.027477502822875977,-0.0005192124469886039,0.4594794511795044,0.2,904,360.0,0.1021629083994776
60293120,3245,18575,115,0.0001,6.456188388881401e-05,-5.464684510603547,0.0066438117,0.6031542420387268,-0.05970393493771553,0.04275965690612793,-0.005156521317076113,0.8255659341812134,0.2,912,360.0,0.1021629083994776
60817408,3268,18604,116,0.0001,0.001233228545061138,-5.401815254241228,0.0035782661,0.601895809173584,-0.05465453863143921,0.02476954460144043,-0.00037724394110227877,0.5588300824165344,0.2,920,360.0,0.1021629083994776
61341696,3292,18631,117,0.0001,8.013161925646273e-05,-5.3310347609221935,0.0048989197,0.5913093686103821,-0.05691593885421753,0.03261375427246094,-0.002944184562011287,0.8815142959356308,0.2,928,360.0,0.1021629083994776
61865984,3315,18659,118,0.0001,0.0013471346196638478,-5.27872952632606,0.0035497916,0.589961588382721,-0.05314226448535919,0.026925086975097656,-0.0004566512359360786,0.5956840217113495,0.2,936,360.0,0.1021629083994776
62390272,3339,18680,119,0.0001,8.706498007882146e-05,-5.216199105605483,0.004814847,0.5808901190757751,-0.054810043424367905,0.03252887725830078,-0.00252273791738844,0.8955415189266205,0.2,944,360.0,0.18865070143714546
62914560,3363,18706,120,0.0001,0.0006924627164153208,-5.166791645810008,0.0043077962,0.5791447162628174,-0.052376341074705124,0.03434276580810547,-0.0007330821146069866,0.5416088700294495,0.2,952,360.0,0.18865070143714546
63438848,3386,18732,121,0.0001,0.0011382089614926372,-5.1524546425789595,0.0032196688,0.5780873894691467,-0.05268652364611626,0.01991415023803711,-0.00027333861419265304,0.25057685375213623,0.2,960,360.0,0.18865070143714546
63963136,3409,18759,122,0.0001,0.00015091728624838652,-5.097911030054092,0.0045275106,0.5702893733978271,-0.05399656295776367,0.03390932083129883,-0.0024593325283603917,0.929462306201458,0.2,968,360.0,0.18865070143714546
64487424,3432,18785,123,0.0001,0.001409024990607577,-5.062559053301811,0.0035331887,0.569573163986206,-0.05147086828947067,0.022096872329711914,-9.860024761110253e-05,0.49930185079574585,0.2,976,360.0,0.18865070143714546
65011712,3457,18803,124,0.0001,0.00012323399351998887,-5.000660564750433,0.0046538096,0.5605412721633911,-0.05266760289669037,0.0351407527923584,-0.0025466296185641113,0.9279570579528809,0.2,984,360.0,0.22993870673992206
65536000,3480,18828,125,0.0001,0.0009859372189566784,-4.957613956183195,0.0038400507,0.5596441030502319,-0.05070507153868675,0.02706122398376465,-0.000341069647902259,0.45512855052948,0.2,992,360.0,0.22993870673992206
66060288,3503,18853,126,0.0001,4.785521912253898e-05,-4.855538308620453,0.0063986164,0.5458799600601196,-0.05292394757270813,0.04531121253967285,-0.004908245937940592,0.8293919116258621,0.2,1000,360.0,0.22993870673992206
66584576,3527,18877,127,0.0001,0.0011993008029094199,-4.800688937306404,0.0037810872,0.5454087257385254,-0.04842835292220116,0.023862600326538086,-0.0002751666363565164,0.5134951174259186,0.2,1008,360.0,0.22993870673992206
67108864,3550,18901,128,0.0001,6.54061088312119e-05,-4.731643874198198,0.005478754,0.5358690619468689,-0.05209910124540329,0.0408940315246582,-0.0029996554119406937,0.8826287388801575,0.2,1016,360.0,0.22993870673992206
67633152,3573,18924,129,0.0001,0.0011425288062127947,-4.6852187514305115,0.0036737483,0.534964919090271,-0.046768996864557266,0.025890588760375977,-0.0002160850899599609,0.5454108119010925,0.2,1024,360.0,0.22993870673992206
68157440,3598,18942,130,0.0001,7.233411155027625e-05,-4.624629495665431,0.0051454725,0.52702796459198,-0.04984935000538826,0.036195993423461914,-0.0023249713981385867,0.8749196231365204,0.2,1032,360.0,0.24855667244759388
68681728,3621,18965,131,0.0001,0.0008380140857298102,-4.586316930130124,0.0037197936,0.526609480381012,-0.045565780252218246,0.02587580680847168,-0.00020743939626299834,0.414421021938324,0.2,1040,360.0,0.24855667244759388
69206016,3644,18988,132,0.0001,5.0110825327465136e-05,-4.504571322351694,0.005367158,0.5159347057342529,-0.0495821088552475,0.03751230239868164,-0.0032441517528241093,0.7803084552288055,0.2,1048,360.0,0.24855667244759388
69730304,3667,19011,133,0.0001,0.001184087395813549,-4.4598737098276615,0.0035083625,0.5159731507301331,-0.04501016065478325,0.027060747146606445,-0.00019429917165325605,0.5372611880302429,0.2,1056,360.0,0.24855667244759388
70254592,3690,19034,134,0.0001,5.975096986787776e-05,-4.394815213978291,0.0053684367,0.5072582960128784,-0.04617515951395035,0.03424215316772461,-0.00240316901499682,0.8781075105071068,0.2,1064,360.0,0.24855667244759388
70778880,3715,19047,135,0.0001,0.001127888999235438,-4.35515970736742,0.0038304045,0.5071263313293457,-0.0439235083758831,0.02879500389099121,-0.00024455264542666555,0.6057305037975311,0.2,1072,360.0,0.3356751058564987
71303168,3739,19069,136,0.0001,0.0010295291001511941,-4.357192516326904,0.00382508,0.5074934363365173,-0.04460810497403145,0.024672508239746094,-2.5964716428461543e-05,0.3534424304962158,0.2,1080,360.0,0.3356751058564987
71827456,3762,19089,137,0.0001,4.8574567543369085e-05,-4.292494278401136,0.005287512,0.4985179305076599,-0.047635648399591446,0.04069066047668457,-0.003210613865576306,0.9081063643097878,0.2,1088,360.0,0.3356751058564987
72351744,3785,19110,138,0.0001,0.0012603397249222326,-4.248899042606354,0.0036368119,0.49828892946243286,-0.04333819821476936,0.027416229248046875,-0.0002066586198452569,0.4255162477493286,0.2,1096,360.0,0.3356751058564987
72876032,3809,19132,139,0.0001,7.794755242684914e-05,-4.191174030303955,0.004749937,0.4907979369163513,-0.045191552489995956,0.033796072006225586,-0.0020924820307755,0.9236373603343964,0.2,1104,360.0,0.3356751058564987
73400320,3832,19153,140,0.0001,0.0011555278906598687,-4.1586217023432255,0.0038925684,0.49140533804893494,-0.04190690815448761,0.030524253845214844,8.3534334748947e-05,0.5203134119510651,0.2,1112,360.0,0.3356751058564987
73924608,3856,19167,141,0.0001,7.012080300228263e-05,-4.110469361767173,0.0048400755,0.4847676753997803,-0.04463745653629303,0.032095909118652344,-0.0012357258940483007,0.9044031128287315,0.2,1120,360.0,0.3614925284311175
74448896,3880,19187,142,0.0001,0.0007872444382428512,-4.072753990069032,0.0039980444,0.48408302664756775,-0.04038692265748978,0.032970428466796875,-0.00016934912332544627,0.4455394744873047,0.2,1128,360.0,0.3614925284311175
74973184,3903,19207,143,0.0001,3.8894775784115154e-05,-3.9885144773870707,0.0057111355,0.47425150871276855,-0.043338943272829056,0.04424333572387695,-0.0035158746932211216,0.7808706015348434,0.2,1136,360.0,0.3614925284311175
75497472,3926,19227,144,0.0001,0.001135131681621715,-3.945935665629804,0.0038608038,0.4745994508266449,-0.038448136299848557,0.029224395751953125,-6.097772029534099e-05,0.4987460970878601,0.2,1144,360.0,0.3614925284311175
76021760,3949,19246,145,0.0001,5.685850659631342e-05,-3.898049865849316,0.004819505,0.4684697091579437,-0.04227760061621666,0.038890838623046875,-0.0019263037788732618,0.8664980977773666,0.2,1152,360.0,0.3614925284311175
76546048,3973,19266,146,0.0001,0.0011275544788986736,-3.8719944693148136,0.0036749179,0.46929892897605896,-0.03991248831152916,0.028335094451904297,3.353244278514467e-05,0.5354790687561035,0.2,1160,360.0,0.3614925284311175
77070336,3997,19279,147,0.0001,6.044018974193932e-05,-3.8397300550714135,0.00446458,0.46492475271224976,-0.040183454751968384,0.03426218032836914,-0.0013256203535547684,0.8847807049751282,0.2,1168,360.0,0.3969407427497208
77594624,4020,19298,148,0.0001,0.000728279929035125,-3.8183840550482273,0.0038905935,0.4651506841182709,-0.039236221462488174,0.03148674964904785,7.775793164910283e-08,0.42480766773223877,0.2,1176,360.0,0.3969407427497208
78118912,4043,19318,149,0.0001,3.919557750009517e-05,-3.746866513043642,0.0056742374,0.4566880166530609,-0.04071639105677605,0.04216647148132324,-0.002887739040033921,0.8062997311353683,0.2,1184,360.0,0.3969407427497208
78643200,4067,19336,150,0.0001,0.0009770915614808473,-3.7127282842993736,0.004425426,0.45727819204330444,-0.03573915362358093,0.03716421127319336,0.00011573290430533234,0.6048985719680786,0.2,1192,360.0,0.3969407427497208
79167488,4090,19354,151,0.0001,4.419199686367392e-05,-3.655766410753131,0.00510877,0.4499243199825287,-0.03773737698793411,0.03615570068359375,-0.0017280087645303865,0.9078264087438583,0.2,1200,360.0,0.3969407427497208
79691776,4114,19366,152,0.0001,0.000361448064495562,-3.6033810768276453,0.004346366,0.4481338858604431,-0.03620562329888344,0.04127097129821777,-0.00040098468639371276,0.848443329334259,0.2,1208,360.0,0.43458855856675654
80216064,4138,19384,153,0.0001,0.0009363608976400428,-3.594426986761391,0.0038003728,0.4482671618461609,-0.03551432862877846,0.029173851013183594,-9.742453130456852e-06,0.4927981495857239,0.2,1216,360.0,0.43458855856675654
80740352,4161,19402,154,0.0001,2.8223131039339933e-05,-3.5125628001987934,0.005740117,0.43865031003952026,-0.039822131395339966,0.0416407585144043,-0.0033020161727108643,0.9042598307132721,0.2,1224,360.0,0.43458855856675654
81264640,4184,19419,155,0.0001,0.001198275582282804,-3.473719042725861,0.0039824825,0.43974053859710693,-0.03425703942775726,0.02965521812438965,0.0001703941684354504,0.4632647633552551,0.2,1232,360.0,0.43458855856675654
81788928,4208,19436,156,0.0001,5.233701533313706e-05,-3.43957822304219,0.0047387434,0.43502259254455566,-0.036958396434783936,0.03775787353515625,-0.0014534045567415887,0.8981055095791817,0.2,1240,360.0,0.43458855856675654
82313216,4231,19452,157,0.0001,0.0011279536574875237,-3.4189329892396927,0.0038110302,0.43573519587516785,-0.03515464812517166,0.032060861587524414,2.748457313828112e-05,0.5320346057415009,0.2,1248,360.0,0.43458855856675654
82837504,4255,19464,158,0.0001,5.739999637910387e-05,-3.395454083569348,0.0041897367,0.4323456287384033,-0.03469216078519821,0.031218290328979492,-0.0006920150328824093,0.8944573774933815,0.2,1256,360.0,0.4812589633092284
83361792,4279,19481,159,0.0001,0.0007836458844394656,-3.3837220948189497,0.0041374867,0.4334476888179779,-0.034137025475502014,0.03295326232910156,3.9339683098660316e-05,0.45880138874053955,0.2,1264,360.0,0.4812589633092284
83886080,4302,19498,160,0.0001,3.759928713265026e-05,-3.3277439987286925,0.0054783295,0.42670345306396484,-0.03591010347008705,0.04121208190917969,-0.002088610167220395,0.8223967105150223,0.2,1272,360.0,0.4812589633092284
84410368,4325,19514,161,0.0001,0.0011207962529624638,-3.3018744187429547,0.003652951,0.4278404414653778,-0.0330243818461895,0.031493425369262695,0.0002671902493602829,0.500234067440033,0.2,1280,360.0,0.4812589633092284
84934656,4348,19531,162,0.0001,4.713725130045532e-05,-3.271256495267153,0.004824764,0.42365241050720215,-0.03443875536322594,0.03535795211791992,-0.0009524263189177873,0.8811803683638573,0.2,1288,360.0,0.4812589633092284
85458944,4371,19547,163,0.0001,0.0012128438747822656,-3.255312168970704,0.0040314947,0.4246845245361328,-0.03364109620451927,0.030994653701782227,0.0002813849841913907,0.5330755412578583,0.2,1296,360.0,0.4812589633092284
85983232,4396,19558,164,0.0001,5.342302553401623e-05,-3.2265354925766587,0.0041685104,0.4207530915737152,-0.03401603922247887,0.033025503158569336,-0.0007889708265338413,0.9048154950141907,0.2,1304,360.0,0.4470592123642564
86507520,4419,19574,165,0.0001,0.0006168244437958492,-3.210168618708849,0.0040323026,0.4215784966945648,-0.03192729502916336,0.037539005279541016,9.599962049833266e-05,0.4979102611541748,0.2,1312,360.0,0.4470592123642564
87031808,4442,19590,166,0.0001,0.0010111051676631178,-3.2234219955280423,0.003767204,0.4224352538585663,-0.03205392137169838,0.03342771530151367,0.0004387892136037408,0.1796349287033081,0.2,1320,360.0,0.4470592123642564
87556096,4465,19605,167,0.0001,0.00011280529099622072,-3.2025588983669877,0.0038777697,0.4196253716945648,-0.03496405482292175,0.03201651573181152,-0.0008502054470227449,0.9319357126951218,0.2,1328,360.0,0.4470592123642564
88080384,4489,19620,168,0.0001,0.001257053127119434,-3.193440379574895,0.0040188087,0.4205962121486664,-0.032313279807567596,0.037277936935424805,0.0002891900951453863,0.45437711477279663,0.2,1336,360.0,0.4470592123642564
88604672,4513,19630,169,0.0001,8.584611080664217e-05,-3.1735370624810457,0.0038381545,0.41787347197532654,-0.03268459811806679,0.03247237205505371,-0.0006648568032687763,0.9228150844573975,0.2,1344,360.0,0.4960790526866913
89128960,4536,19645,170,0.0001,0.0008508043260917475,-3.1601787880063057,0.004440026,0.4181883931159973,-0.03163626417517662,0.03522992134094238,8.799794159131125e-05,0.457705020904541,0.2,1352,360.0,0.4960790526866913
89653248,4560,19660,171,0.0001,2.9935252669588408e-05,-3.0886437371373177,0.005919582,0.41081833839416504,-0.03390657156705856,0.04354548454284668,-0.002510804066560013,0.8280256539583206,0.2,1360,360.0,0.4960790526866913
90177536,4583,19675,172,0.0001,0.0010779345448099775,-3.0546505711972713,0.0037589904,0.4109305143356323,-0.02989649400115013,0.03380179405212402,9.865077595350158e-05,0.4738289713859558,0.2,1368,360.0,0.4960790526866913
90701824,4606,19689,173,0.0001,4.6424412346368626e-05,-3.0214050272479653,0.0045573567,0.40725183486938477,-0.031622081995010376,0.03979229927062988,-0.0014199135421222309,0.8692295998334885,0.2,1376,360.0,0.4960790526866913
91226112,4629,19704,174,0.0001,0.001058245593412721,-3.007795893587172,0.0039820764,0.4082793593406677,-0.03054416924715042,0.03650212287902832,0.0001950449375272001,0.517756998538971,0.2,1384,360.0,0.4960790526866913
91750400,4654,19714,175,0.0001,5.4361507523026376e-05,-2.9922834932804108,0.004115265,0.40620777010917664,-0.030263634398579597,0.03628993034362793,-0.0007439286832777725,0.8881609663367271,0.2,1392,360.0,0.5158005386963487
92274688,4677,19728,176,0.0001,0.0007228414747260103,-2.9915430825203657,0.003989494,0.40746045112609863,-0.030537469312548637,0.03480243682861328,0.00027203894001104345,0.4205242395401001,0.2,1400,360.0,0.5158005386963487
92798976,4700,19742,177,0.0001,3.4198250951078535e-05,-2.9402490938082337,0.004959981,0.4015273451805115,-0.03202246129512787,0.04220008850097656,-0.002094844254770578,0.8043913692235947,0.2,1408,360.0,0.5158005386963487
93323264,4723,19756,178,0.0001,0.0011047849648093688,-2.91742658149451,0.0037669614,0.4024152159690857,-0.028510669246315956,0.03511190414428711,0.00022130688705601642,0.5244687497615814,0.2,1416,360.0,0.5158005386963487
93847552,4746,19770,179,0.0001,4.262185476022751e-05,-2.8841109853237867,0.0048901774,0.39843422174453735,-0.029758397489786148,0.04297280311584473,-0.0013998619022004277,0.8839909881353378,0.2,1424,360.0,0.5158005386963487
94371840,4771,19778,180,0.0001,0.001102434696349519,-2.8706340678036213,0.0043416815,0.3996468484401703,-0.029391661286354065,0.04270148277282715,0.00022249888138503593,0.5863697826862335,0.2,1432,360.0,0.49069349229335785
94896128,4794,19791,181,0.0001,0.0008974131803825003,-2.883916641585529,0.0038653975,0.4002315402030945,-0.02778169885277748,0.037018775939941406,0.00034759778736770386,0.3619205355644226,0.2,1440,360.0,0.49069349229335785
95420416,4817,19805,182,0.0001,3.905062008868754e-05,-2.851247927173972,0.0043271547,0.39610084891319275,-0.03021988272666931,0.03436875343322754,-0.001169052806289983,0.9137635305523872,0.2,1448,360.0,0.49069349229335785
95944704,4840,19819,183,0.0001,0.001154231733380584,-2.836288050748408,0.0042323247,0.39734095335006714,-0.029027171432971954,0.036597490310668945,0.00024344576036128274,0.4030103087425232,0.2,1456,360.0,0.49069349229335785
96468992,4864,19832,184,0.0001,6.015711649354216e-05,-2.8185131642967463,0.0041169217,0.3947579562664032,-0.0299533624202013,0.03475046157836914,-0.0006443418337767071,0.9094656258821487,0.2,1464,360.0,0.49069349229335785
96993280,4887,19846,185,0.0001,0.001039013098761643,-2.808598106727004,0.004239193,0.39542990922927856,-0.026946503669023514,0.03591418266296387,0.0002201156455612363,0.5035623013973236,0.2,1472,360.0,0.49069349229335785
97517568,4911,19854,186,0.0001,6.369450090915052e-05,-2.7863008631393313,0.0039926684,0.3925570845603943,-0.028477078303694725,0.03185224533081055,-0.0003346583184793417,0.9010214805603027,0.2,1480,360.0,0.5341981999576092
98041856,4934,19867,187,0.0001,0.0007689253170610755,-2.776390348561108,0.0045559965,0.39332813024520874,-0.026680143550038338,0.03800010681152344,0.00014691947399114724,0.44400954246520996,0.2,1488,360.0,0.5341981999576092
98566144,4958,19880,188,0.0001,4.1585755845119365e-05,-2.7131197433918715,0.005149726,0.38661354780197144,-0.029324904084205627,0.037305355072021484,-0.0017084445048567432,0.7865375578403473,0.2,1496,360.0,0.5341981999576092
99090432,4981,19891,189,0.0001,0.0010796763012876909,-2.6857049390673637,0.004139777,0.38756483793258667,-0.027149619534611702,0.0411982536315918,0.00044559141383615497,0.47738635540008545,0.2,1504,360.0,0.5341981999576092
99614720,5004,19904,190,0.0001,4.603168021333204e-05,-2.6650893464684486,0.00390025,0.3847462832927704,-0.027625801041722298,0.03413105010986328,-0.000533720966814144,0.8724844604730606,0.2,1512,360.0,0.5341981999576092
100139008,5027,19917,191,0.0001,0.0011744759290195361,-2.6586093958467245,0.003899839,0.38600215315818787,-0.02473379671573639,0.032654523849487305,0.00037794524541823193,0.5253405869007111,0.2,1520,360.0,0.5341981999576092
100663296,5052,19924,192,0.0001,5.4314709700520325e-05,-2.6465494530275464,0.004010801,0.38403722643852234,-0.02836674079298973,0.0313112735748291,-0.00035432426284387475,0.898727111518383,0.2,1528,360.0,0.4896959652006626
101187584,5075,19937,193,0.0001,0.0006617979088332504,-2.638148644939065,0.0041480004,0.3848240375518799,-0.02590942569077015,0.038129329681396484,0.0002891951036190221,0.42322468757629395,0.2,1536,360.0,0.4896959652006626
101711872,5098,19949,194,0.0001,3.3010496274243906e-05,-2.5845649242401123,0.0052452115,0.3792136311531067,-0.02766447700560093,0.03989815711975098,-0.0014819100783824979,0.826323613524437,0.2,1544,360.0,0.4896959652006626
102236160,5121,19961,195,0.0001,0.000902726661252018,-2.5620839707553387,0.004706192,0.3802149295806885,-0.026041164994239807,0.04852700233459473,0.00033592916065572354,0.5991658866405487,0.2,1552,360.0,0.4896959652006626
102760448,5144,19972,196,0.0001,3.581312179790075e-05,-2.528027052991092,0.005043768,0.37631458044052124,-0.02722778357565403,0.03830671310424805,-0.0011408918308006832,0.9138121604919434,0.2,1560,360.0,0.4896959652006626
103284736,5169,19980,197,0.0001,0.00034700451180924574,-2.5040864693000913,0.0050138673,0.3763431906700134,-0.026804616674780846,0.046720266342163086,5.8191063430967915e-05,0.8511246293783188,0.2,1568,360.0,0.5362270483002066
103809024,5192,19991,198,0.0001,0.0008684629974595737,-2.509088600985706,0.0043089613,0.37690696120262146,-0.022951994091272354,0.03753376007080078,0.00013553019016399048,0.5223910808563232,0.2,1576,360.0,0.5362270483002066
104333312,5215,20003,199,0.0001,2.287903559050619e-05,-2.4561894796788692,0.0054405537,0.3713494539260864,-0.028019024059176445,0.041604042053222656,-0.0019498771839607798,0.9048576429486275,0.2,1584,360.0,0.5362270483002066
104857600,5238,20014,200,0.0001,0.0011655481166599202,-2.430832418613136,0.0046776496,0.3719242513179779,-0.02469032257795334,0.04247593879699707,0.0002292556455358863,0.4395236372947693,0.2,1592,360.0,0.5362270483002066
105381888,5262,20026,201,0.0001,4.553743714552638e-05,-2.4143618755042553,0.004502991,0.36994537711143494,-0.023789647966623306,0.03811526298522949,-0.0002647854799988636,0.8943767547607422,0.2,1600,360.0,0.5362270483002066
105906176,5285,20037,202,0.0001,0.0010892197933571879,-2.410011298954487,0.0047334684,0.37090763449668884,-0.024568544700741768,0.04328298568725586,0.00046772999144195637,0.516927570104599,0.2,1608,360.0,0.5362270483002066
106430464,5309,20043,203,0.0001,5.281476690299769e-05,-2.400912880897522,0.0040719053,0.36921852827072144,-0.0240457933396101,0.03566098213195801,-0.00021122067073520157,0.9009533524513245,0.2,1616,360.0,0.54869489595294
106954752,5333,20054,204,0.0001,0.0007330492855999182,-2.397492836229503,0.004822657,0.370366632938385,-0.02307436242699623,0.04505801200866699,0.0002446592443448026,0.4542182683944702,0.2,1624,360.0,0.54869489595294
107479040,5356,20064,205,0.0001,3.2227237376503126e-05,-2.352262602187693,0.0051575787,0.3656710982322693,-0.02610541693866253,0.041463613510131836,-0.0014890621553149685,0.8266603648662567,0.2,1632,360.0,0.54869489595294
108003328,5379,20075,206,0.0001,0.0010758248708953033,-2.335614445619285,0.0041023325,0.366807222366333,-0.021638061851263046,0.0431826114654541,0.0005406418238180777,0.49491679668426514,0.2,1640,360.0,0.54869489595294
108527616,5402,20086,207,0.0001,3.986227345365023e-05,-2.322078527882695,0.0046143197,0.3648272454738617,-0.02315799705684185,0.04085087776184082,-0.00046988306030470994,0.890933632850647,0.2,1648,360.0,0.54869489595294
109051904,5426,20097,208,0.0001,0.001142322487794445,-2.3172619827091694,0.004444335,0.3655184507369995,-0.023831456899642944,0.03908944129943848,0.00033243270877392206,0.5421700775623322,0.2,1656,360.0,0.54869489595294
109576192,5450,20103,209,0.0001,5.850832516784976e-05,-2.3021288691088557,0.004525283,0.36376404762268066,-0.023619966581463814,0.04320693016052246,-0.00034456518528713787,0.9160685911774635,0.2,1664,360.0,0.5393383855931461
110100480,5473,20113,210,0.0001,0.0006043176340426726,-2.2915387954562902,0.0041599968,0.3640899062156677,-0.02253136970102787,0.04006028175354004,0.0003974000285325019,0.481925368309021,0.2,1672,360.0,0.5393383855931461
110624768,5497,20123,211,0.0001,0.0010296491714143485,-2.3077727714553475,0.0040450776,0.3654993772506714,-0.023288996890187263,0.03767061233520508,0.0003643359632405918,0.15927666425704956,0.2,1680,360.0,0.5393383855931461
111149056,5520,20133,212,0.0001,0.00011018599946055474,-2.303047550842166,0.004166756,0.36434537172317505,-0.024181539192795753,0.039652347564697266,-0.000280552499816622,0.9330644011497498,0.2,1688,360.0,0.5393383855931461
111673344,5543,20144,213,0.0001,0.0011849486450046243,-2.308315603993833,0.0040995763,0.3657485246658325,-0.023688171058893204,0.04302644729614258,0.0005422588965302566,0.46875256299972534,0.2,1696,360.0,0.5393383855931461
112197632,5568,20150,214,0.0001,8.61713230051464e-05,-2.30054724868387,0.0044352007,0.36407670378685,-0.022592471912503242,0.03675055503845215,-0.00026357303727309045,0.9211401492357254,0.2,1704,360.0,0.5452278239279985
112721920,5591,20160,215,0.0001,0.0008301974960431835,-2.2968471692875028,0.0043303994,0.3648897111415863,-0.023662075400352478,0.04269862174987793,0.0003989067618022091,0.4795425534248352,0.2,1712,360.0,0.5452278239279985
113246208,5614,20170,216,0.0001,3.5553858445780406e-05,-2.2434071069583297,0.0045957584,0.3592778444290161,-0.02494111843407154,0.037561893463134766,-0.001245606934389798,0.8532258123159409,0.2,1720,360.0,0.5452278239279985
113770496,5637,20180,217,0.0001,0.0010752307616712642,-2.2139392169192433,0.0042648944,0.3598048686981201,-0.02154645323753357,0.03906083106994629,0.00032361772582589765,0.46663832664489746,0.2,1728,360.0,0.5452278239279985
114294784,5660,20190,218,0.0001,4.491462610189956e-05,-2.199723002500832,0.0045556086,0.35837626457214355,-0.022270329296588898,0.036537885665893555,-0.00021526316686504288,0.8829869106411934,0.2,1736,360.0,0.5452278239279985
114819072,5684,20199,219,0.0001,0.0010825362246578152,-2.200739800930023,0.0041915686,0.3595418632030487,-0.022958269342780113,0.040025949478149414,0.000503057929336137,0.5140790045261383,0.2,1744,360.0,0.5452278239279985
115343360,5708,20205,220,0.0001,5.1787502826528e-05,-2.1907010599970818,0.0046997364,0.3581484258174896,-0.020463531836867332,0.03730130195617676,-0.0001984825178169558,0.8954512923955917,0.2,1752,360.0,0.5527270658686757
115867648,5731,20214,221,0.0001,0.0007293390681297751,-2.193808595649898,0.00469273,0.35941433906555176,-0.021158462390303612,0.03845691680908203,0.0004478922176076594,0.41535425186157227,0.2,1760,360.0,0.5527270658686757
116391936,5754,20224,222,0.0001,3.312879172057137e-05,-2.156112843193114,0.00464629,0.3551897704601288,-0.024133723229169846,0.03951883316040039,-0.0009756157683113997,0.8220321238040924,0.2,1768,360.0,0.5527270658686757
116916224,5778,20234,223,0.0001,0.0010500010203031707,-2.145413109101355,0.0044158385,0.356698215007782,-0.02130647376179695,0.04230093955993652,0.00035574337221078167,0.5208030343055725,0.2,1776,360.0,0.5527270658686757
117440512,5801,20243,224,0.0001,4.653771033247267e-05,-2.1264873379841447,0.004891033,0.3541956841945648,-0.021049045026302338,0.03882241249084473,-0.0005234720205180565,0.8982851728796959,0.2,1784,360.0,0.5527270658686757
117964800,5825,20249,225,0.0001,0.0010509439455290703,-2.1269307835027575,0.004553636,0.35597801208496094,-0.021453209221363068,0.041419267654418945,0.00018424383415549528,0.6006890833377838,0.2,1792,360.0,0.579782395362854
118489088,5848,20258,226,0.0001,0.0008928469151214813,-2.146461864002049,0.0043134224,0.35679158568382263,-0.021567529067397118,0.03760671615600586,0.0003774498020447936,0.3880622386932373,0.2,1800,360.0,0.579782395362854
119013376,5872,20267,227,0.0001,3.598619372979783e-05,-2.122873255982995,0.004885546,0.3537938594818115,-0.02075812965631485,0.03691530227661133,-0.00058696160499494,0.922461524605751,0.2,1808,360.0,0.579782395362854
119537664,5895,20276,228,0.0001,0.0011492118860587652,-2.1150387497618794,0.0047462997,0.3553338050842285,-0.021490029990673065,0.04193711280822754,0.0004643107558877091,0.3879297375679016,0.2,1816,360.0,0.579782395362854
120061952,5918,20286,229,0.0001,6.135589589462143e-05,-2.1084983069449663,0.004474488,0.3537607789039612,-0.020751558244228363,0.034520626068115234,-0.0001685956597157201,0.9041644185781479,0.2,1824,360.0,0.579782395362854
120586240,5941,20295,230,0.0001,0.0010614212740165385,-2.1122917709872127,0.004495884,0.35515090823173523,-0.020263435319066048,0.04560971260070801,0.0006714701441978832,0.5096756815910339,0.2,1832,360.0,0.579782395362854
121110528,5966,20299,231,0.0001,5.6614277454514195e-05,-2.1069205310195684,0.004130764,0.35378092527389526,-0.022397592663764954,0.03813743591308594,-6.34855662156042e-05,0.9072019681334496,0.2,1840,360.0,0.5290847451239824
121634816,5989,20308,232,0.0001,0.0007797259213475627,-2.10975462757051,0.0045323074,0.355063259601593,-0.020312074571847916,0.04323410987854004,0.00043433365726741613,0.4470354914665222,0.2,1848,360.0,0.5290847451239824
122159104,6012,20317,233,0.0001,2.8936524415712483e-05,-2.068246771581471,0.004949063,0.35078930854797363,-0.022710716351866722,0.042742252349853516,-0.0010902438938273917,0.7990163266658783,0.2,1856,360.0,0.5290847451239824
122683392,6035,20326,234,0.0001,0.000994976137235426,-2.0548325730487704,0.004040479,0.3519984185695648,-0.021641723811626434,0.04319286346435547,0.0004821831705612567,0.4734708070755005,0.2,1864,360.0,0.5290847451239824
123207680,6058,20334,235,0.0001,3.97975210404411e-05,-2.0408828193321824,0.004567297,0.35003662109375,-0.01863817870616913,0.03901243209838867,-0.0001938434797921218,0.8713093549013138,0.2,1872,360.0,0.5290847451239824
123731968,6082,20343,236,0.0001,0.0010946405827780836,-2.038429271429777,0.004350445,0.35102832317352295,-0.02028210274875164,0.038778066635131836,0.00041886553196945897,0.504858672618866,0.2,1880,360.0,0.5290847451239824
124256256,6106,20347,237,0.0001,4.6049074541087975e-05,-2.0313849058002234,0.004379809,0.3499302268028259,-0.020600104704499245,0.04176807403564453,-0.0003479329213860183,0.8918192386627197,0.2,1888,360.0,0.5712657915055752
124780544,6129,20356,238,0.0001,0.0006966302464661567,-2.0317261815071106,0.004817293,0.35070130228996277,-0.018550975248217583,0.043744802474975586,0.0005425441650004359,0.39985185861587524,0.2,1896,360.0,0.5712657915055752
125304832,6153,20364,239,0.0001,3.567498619361231e-05,-1.9879785892553627,0.0050692097,0.3463220000267029,-0.021678611636161804,0.04719376564025879,-0.0012307922322634113,0.8472821414470673,0.2,1904,360.0,0.5712657915055752
125829120,6176,20373,240,0.0001,0.0008891682641660736,-1.9739516521804035,0.005286436,0.3476351201534271,-0.018277734518051147,0.05556511878967285,0.000379477701471842,0.591596931219101,0.2,1912,360.0,0.5712657915055752
126353408,6199,20381,241,0.0001,3.384062238609431e-05,-1.9513270584866405,0.0049713077,0.3448672294616699,-0.020782696083188057,0.04637002944946289,-0.0005155453609404503,0.9174633547663689,0.2,1920,360.0,0.5712657915055752
126877696,6223,20386,242,0.0001,0.0003180947455803107,-1.9327356084249914,0.0051023816,0.344788134098053,-0.02004832588136196,0.04799222946166992,0.00016943532102686731,0.8478060960769653,0.2,1928,360.0,0.6127241024374962
127401984,6246,20394,243,0.0001,0.0008529373355941061,-1.9433133900165558,0.004969598,0.3457051217556,-0.01846195012331009,0.04445624351501465,0.00047225065191014437,0.47692227363586426,0.2,1936,360.0,0.6127241024374962
127926272,6270,20402,244,0.0001,2.1806330437357246e-05,-1.8967336155474186,0.005368864,0.3408207893371582,-0.022191597148776054,0.047202348709106445,-0.0018945460519717017,0.8937142640352249,0.2,1944,360.0,0.6127241024374962
128450560,6293,20410,245,0.0001,0.001130266221025522,-1.8814566195942461,0.004823999,0.342332124710083,-0.019311105832457542,0.04751253128051758,0.0006245238562314626,0.4349172115325928,0.2,1952,360.0,0.6127241024374962
128974848,6316,20418,246,0.0001,4.282583738302037e-05,-1.8773712175898254,0.004472502,0.340921014547348,-0.019310448318719864,0.03470945358276367,2.2948201831241022e-05,0.8885323479771614,0.2,1960,360.0,0.6127241024374962
129499136,6339,20426,247,0.0001,0.0010346860544814263,-1.8774746730923653,0.0047846385,0.3418959379196167,-0.01851283386349678,0.04250216484069824,0.0003841646766886697,0.5113452970981598,0.2,1968,360.0,0.6127241024374962
130023424,6363,20431,248,0.0001,4.76214053151125e-05,-1.8791042612865567,0.0044134688,0.34153518080711365,-0.019159486517310143,0.039093732833862305,6.029028054399532e-05,0.903670497238636,0.2,1976,360.0,0.5911000848561525
130547712,6387,20439,249,0.0001,0.0007442163546329539,-1.890727938618511,0.0044763824,0.3429892659187317,-0.017933314666152,0.04437971115112305,0.0005746709832692432,0.435430645942688,0.2,1984,360.0,0.5911000848561525
131072000,6410,20447,250,0.0001,3.036214447860175e-05,-1.8490100861527026,0.0049772,0.33885523676872253,-0.019897492602467537,0.0442807674407959,-0.0009959308641782627,0.8255004286766052,0.2,1992,360.0,0.5911000848561525
131596288,6433,20454,251,0.0001,0.0010320941016743745,-1.8409929634071887,0.0045648864,0.3402666747570038,-0.018157735466957092,0.04211258888244629,0.0006098227395341382,0.48589545488357544,0.2,2000,360.0,0.5911000848561525
132120576,6456,20462,252,0.0001,3.7405349189612025e-05,-1.832228067331016,0.004207207,0.3386164903640747,-0.01921522617340088,0.04130434989929199,-0.00018043173076875973,0.8840864226222038,0.2,2008,360.0,0.5911000848561525
132644864,6479,20470,253,0.0001,0.0011385903426344157,-1.8396945782005787,0.004641465,0.34039145708084106,-0.0177348293364048,0.04176902770996094,0.0005850453270568323,0.5237833261489868,0.2,2016,360.0,0.5911000848561525
133169152,6504,20473,254,0.0001,4.34286927628591e-05,-1.8331805085763335,0.0051073283,0.3387616276741028,-0.01753157190978527,0.043416500091552734,-9.252278528038005e-05,0.9099826961755753,0.2,2024,360.0,0.5582488675694912
133693440,6527,20481,255,0.0001,0.0005527645328129438,-1.8349775858223438,0.0051396214,0.33995550870895386,-0.018206896260380745,0.04914712905883789,0.0004007469769931049,0.46425026655197144,0.2,2032,360.0,0.5582488675694912
134217728,6550,20489,256,0.0001,0.0009594667994861084,-1.8625336661934853,0.005754617,0.34158265590667725,-0.01668553054332733,0.04677844047546387,0.0007153940207444975,0.12596356868743896,0.2,2040,360.0,0.5582488675694912
134742016,6573,20496,257,0.0001,0.00010335672530459306,-1.8621254465542734,0.0043401364,0.3407159745693207,-0.019955415278673172,0.04375314712524414,-0.00016706410360711743,0.9279864504933357,0.2,2048,360.0,0.5582488675694912
135266304,6597,20504,258,0.0001,0.0011763070847337076,-1.8722525550983846,0.0046336893,0.3420791029930115,-0.017481928691267967,0.04798436164855957,0.0006368992226271075,0.43005454540252686,0.2,2056,360.0,0.5582488675694912
135790592,6621,20507,259,0.0001,7.275866053646496e-05,-1.8647923106327653,0.004451882,0.34060534834861755,-0.016209036111831665,0.042494773864746094,-6.166253706396674e-05,0.9167541116476059,0.2,2064,360.0,0.5921166041493415
136314880,6644,20515,260,0.0001,0.0008305408709929907,-1.8663976592943072,0.0044841687,0.3417583703994751,-0.01747836358845234,0.0453801155090332,0.0004457955501493416,0.4259377121925354,0.2,2072,360.0,0.5921166041493415
136839168,6667,20522,261,0.0001,2.517712256633331e-05,-1.8233641162514687,0.0050820224,0.3375431001186371,-0.01950591616332531,0.04021143913269043,-0.0012284720389743597,0.814649909734726,0.2,2080,360.0,0.5921166041493415
137363456,6690,20530,262,0.0001,0.0010259580330966855,-1.8103716601617634,0.004371549,0.3385004997253418,-0.01733211800456047,0.04589247703552246,0.0005574252859332773,0.4642942547798157,0.2,2088,360.0,0.5921166041493415
137887744,6713,20537,263,0.0001,4.0412742947637526e-05,-1.8013323354534805,0.0045899935,0.3371603190898895,-0.018082361668348312,0.04030585289001465,-0.0003907960679043754,0.8840492367744446,0.2,2096,360.0,0.5921166041493415
138412032,6737,20544,264,0.0001,0.0010384911392975482,-1.8080707686021924,0.0042203036,0.33856189250946045,-0.017750028520822525,0.04228782653808594,0.00035721083008866117,0.5033333003520966,0.2,2104,360.0,0.5921166041493415
138936320,6761,20547,265,0.0001,4.46904093394096e-05,-1.8083472391590476,0.004283009,0.33795595169067383,-0.017925623804330826,0.04391670227050781,-5.520819581761316e-05,0.8971547558903694,0.2,2112,360.0,0.5899741702899337
139460608,6784,20554,266,0.0001,0.0007262338631335297,-1.816840304993093,0.004541281,0.3393808603286743,-0.017010724171996117,0.04313206672668457,0.0004381147164167487,0.4073526859283447,0.2,2120,360.0,0.5899741702899337
139984896,6808,20561,267,0.0001,3.553529520416987e-05,-1.7849130630493164,0.005068201,0.3360172212123871,-0.019672052934765816,0.04403376579284668,-0.0005967037066056946,0.8229090422391891,0.2,2128,360.0,0.5899741702899337
140509184,6831,20568,268,0.0001,0.0010376982384059374,-1.7754912809468806,0.004459467,0.33710479736328125,-0.0173875093460083,0.04610180854797363,0.0005244204626251303,0.5101013481616974,0.2,2136,360.0,0.5899741702899337
141033472,6854,20574,269,0.0001,3.8879955887693995e-05,-1.7615403728559613,0.004607943,0.3351658582687378,-0.018733413890004158,0.046799421310424805,-6.518133886856958e-05,0.8988930210471153,0.2,2144,360.0,0.5899741702899337
141557760,6879,20578,270,0.0001,0.0010449830956531514,-1.7633317247964442,0.00506411,0.3366847038269043,-0.017059611156582832,0.04683828353881836,0.0003921089419236523,0.5818577706813812,0.2,2152,360.0,0.5591931401006878
142082048,6902,20584,271,0.0001,0.000874168172458667,-1.7836500681005418,0.0042963754,0.33767253160476685,-0.01687784306704998,0.04571938514709473,0.0006897367156852852,0.36593133211135864,0.2,2160,360.0,0.5591931401006878
142606336,6925,20591,272,0.0001,3.369352607762721e-05,-1.7669816804118454,0.004497607,0.33502233028411865,-0.018665842711925507,0.03682398796081543,-0.000439336028193793,0.9195951744914055,0.2,2168,360.0,0.5591931401006878
143130624,6948,20597,273,0.0001,0.0011001237708114786,-1.7618558602407575,0.0046894685,0.33627837896347046,-0.016811134293675423,0.044005393981933594,0.0005157362670615839,0.3743293285369873,0.2,2176,360.0,0.5591931401006878
143654912,6972,20604,274,0.0001,5.405791414148098e-05,-1.7607456436380744,0.0038388954,0.3354136347770691,-0.018200522288680077,0.03584456443786621,-8.247954610851593e-06,0.8930889964103699,0.2,2184,360.0,0.5591931401006878
144179200,6995,20611,275,0.0001,0.0010509839121368714,-1.7686993819661438,0.0047553405,0.3366149067878723,-0.017422115430235863,0.04461359977722168,0.0005713459250955566,0.4903905391693115,0.2,2192,360.0,0.5591931401006878
144703488,7019,20614,276,0.0001,5.286573102125658e-05,-1.7663818541914225,0.004620737,0.3355834186077118,-0.01718480885028839,0.03923678398132324,0.0002815516618284164,0.9026975780725479,0.2,2200,360.0,0.6014701293408871
145227776,7042,20620,277,0.0001,0.000755343902937966,-1.76548270881176,0.00481219,0.33629417419433594,-0.017125096172094345,0.049072265625,0.0007945427721551823,0.45743560791015625,0.2,2208,360.0,0.6014701293408871
145752064,7065,20627,278,0.0001,3.323494522078363e-05,-1.7176294685341418,0.0052323276,0.33173656463623047,-0.0185766089707613,0.04712510108947754,-0.00094177733694778,0.7861582338809967,0.2,2216,360.0,0.6014701293408871
146276352,7089,20633,279,0.0001,0.0009990198116156535,-1.7035463633947074,0.0048449626,0.3331150710582733,-0.016782453283667564,0.04370927810668945,0.0005124250476455927,0.46384119987487793,0.2,2224,360.0,0.6014701293408871
146800640,7112,20640,280,0.0001,3.820505896356963e-05,-1.6949422745965421,0.004935651,0.3318782448768616,-0.017293963581323624,0.04340219497680664,-0.00025123593172793335,0.873404324054718,0.2,2232,360.0,0.6014701293408871
147324928,7135,20646,281,0.0001,0.001086039990241261,-1.7063312912359834,0.004563106,0.33376145362854004,-0.017329270020127296,0.04331159591674805,0.0005336232691206533,0.5025211274623871,0.2,2240,360.0,0.6014701293408871
147849216,7159,20649,282,0.0001,4.576720257887246e-05,-1.7086508027277887,0.0048102504,0.3328061103820801,-0.017285220324993134,0.047713279724121094,-0.00010511017057979188,0.9004825055599213,0.2,2248,360.0,0.6211098356544972
148373504,7183,20655,283,0.0001,0.0007013951203589386,-1.7140954141505063,0.005392482,0.33403119444847107,-0.015012645162642002,0.04471158981323242,0.0004917197452414257,0.3746902346611023,0.2,2256,360.0,0.6211098356544972
148897792,7206,20662,284,0.0001,3.055866762480264e-05,-1.6783495391719043,0.0046796603,0.3301728665828705,-0.017245063558220863,0.04749155044555664,-0.0008104302812625974,0.8358722478151321,0.2,2264,360.0,0.6211098356544972
149422080,7229,20668,285,0.0001,0.000882136154359614,-1.670255167875439,0.005493491,0.33178818225860596,-0.015396677888929844,0.0572359561920166,0.0004925938430915267,0.5797051787376404,0.2,2272,360.0,0.6211098356544972
149946368,7252,20674,286,0.0001,3.16802529027882e-05,-1.6551529536955059,0.005668782,0.32929307222366333,-0.016781708225607872,0.053037166595458984,-0.00029496461115741113,0.9174130484461784,0.2,2280,360.0,0.6211098356544972
150470656,7277,20677,287,0.0001,0.0003286286772663516,-1.6421041782014072,0.005022969,0.3297854959964752,-0.015593002550303936,0.051752328872680664,1.289260126213776e-05,0.8490391969680786,0.2,2288,360.0,0.5660609744861722
150994944,7300,20683,288,0.0001,0.0008613522222731262,-1.656468068715185,0.004839867,0.3305875360965729,-0.016105011105537415,0.04786038398742676,0.000621653278813028,0.5073923170566559,0.2,2296,360.0,0.5660609744861722
151519232,7323,20689,289,0.0001,2.309059630789534e-05,-1.6095360023900867,0.005343401,0.3260326385498047,-0.01795564591884613,0.051249027252197266,-0.001876721513326629,0.9021345600485802,0.2,2304,360.0,0.5660609744861722
152043520,7346,20695,290,0.0001,0.0010703715724957874,-1.5955656957812607,0.0052083945,0.32760003209114075,-0.013465754687786102,0.047603607177734375,0.0006111073653300991,0.42414242029190063,0.2,2312,360.0,0.5660609744861722
152567808,7369,20701,291,0.0001,3.939682038378578e-05,-1.5952447513118386,0.0052962652,0.3265755772590637,-0.015517857857048512,0.04316377639770508,0.00013109396081745217,0.8856174275279045,0.2,2320,360.0,0.5660609744861722
153092096,7393,20707,292,0.0001,0.0010438916501698259,-1.6030579321086407,0.0043385373,0.3282311260700226,-0.01392557006329298,0.04555702209472656,0.0006515991451578884,0.5063438415527344,0.2,2328,360.0,0.5660609744861722
153616384,7417,20709,293,0.0001,4.6559500603393644e-05,-1.6096622715704143,0.004459884,0.3279481828212738,-0.014935166575014591,0.041748046875,7.376602661679499e-05,0.9046379253268242,0.2,2336,360.0,0.5898289216775447
154140672,7440,20715,294,0.0001,0.0007389960167074605,-1.6184266870841384,0.0044314917,0.32881948351860046,-0.01656322181224823,0.04418373107910156,0.000540450034350215,0.4372832179069519,0.2,2344,360.0,0.5898289216775447
154664960,7464,20721,295,0.0001,2.586657322467545e-05,-1.5776510937139392,0.0056361957,0.3251444101333618,-0.01573936641216278,0.04449105262756348,-0.0006951068335183663,0.8268048167228699,0.2,2352,360.0,0.5898289216775447
155189248,7487,20727,296,0.0001,0.001008893588959836,-1.5614124713465571,0.004181718,0.32568320631980896,-0.014829766005277634,0.046793222427368164,0.0005300697750953987,0.47671639919281006,0.2,2360,360.0,0.5898289216775447
155713536,7510,20732,297,0.0001,3.5513425530098175e-05,-1.545833442825824,0.0048013716,0.3242330253124237,-0.013448393903672695,0.04970979690551758,0.00012072017898390186,0.8899335265159607,0.2,2368,360.0,0.5898289216775447
156237824,7533,20738,298,0.0001,0.0011287273187008395,-1.5466567906551063,0.005355222,0.32533296942710876,-0.014960575848817825,0.04508686065673828,0.00045364672723735566,0.5230888724327087,0.2,2376,360.0,0.5898289216775447
156762112,7558,20740,299,0.0001,4.117550420801308e-05,-1.5456128441728652,0.0046635987,0.32465994358062744,-0.01592237688601017,0.04193520545959473,0.0003412215760363324,0.9176993295550346,0.2,2384,360.0,0.5919105112925171
157286400,7581,20746,300,0.0001,0.0005959210582204832,-1.5517324046231806,0.0049425694,0.32586759328842163,-0.016203342005610466,0.049559593200683594,0.0004851648454859969,0.4525102972984314,0.2,2392,360.0,0.5919105112925171
157810688,7604,20752,301,0.0001,0.0009344805450837157,-1.5785685959272087,0.003879058,0.32743245363235474,-0.01354775670915842,0.03792119026184082,0.0006189897806052613,0.12734121084213257,0.2,2400,360.0,0.5919105112925171
158334976,7627,20757,302,0.0001,0.00010584382292222472,-1.5858285007998347,0.0048277765,0.3271162509918213,-0.016300776973366737,0.045046091079711914,7.545272876541276e-05,0.9250393286347389,0.2,2408,360.0,0.5919105112925171
158859264,7650,20763,303,0.0001,0.001124052783325169,-1.598750177770853,0.00432649,0.32851409912109375,-0.015240294858813286,0.04782915115356445,0.0006538265722610959,0.464166522026062,0.2,2416,360.0,0.5919105112925171
159383552,7675,20765,304,0.0001,7.583467464655769e-05,-1.5998937911354005,0.0052634804,0.3277091979980469,-0.014745808206498623,0.040331125259399414,-0.00012971527780791803,0.9237536415457726,0.2,2424,360.0,0.5923858939111233
159907840,7698,20771,305,0.0001,0.0008054027216530812,-1.6096701892092824,0.0050238036,0.3290750980377197,-0.01551695354282856,0.049371957778930664,0.0004990332997749647,0.4817350506782532,0.2,2432,360.0,0.5923858939111233
160432128,7721,20776,306,0.0001,2.4491518608726892e-05,-1.57456712750718,0.005279729,0.32534289360046387,-0.016691073775291443,0.04659390449523926,-0.0006145296888462326,0.8341419100761414,0.2,2440,360.0,0.5923858939111233
160956416,7744,20782,307,0.0001,0.001015964126736435,-1.5639092572964728,0.00480152,0.3264356851577759,-0.015310779213905334,0.0465540885925293,0.0006492055100579819,0.4455552101135254,0.2,2448,360.0,0.5923858939111233
161480704,7768,20787,308,0.0001,3.7310851915606236e-05,-1.5537860407494009,0.0047795577,0.3249492049217224,-0.013849105685949326,0.04018878936767578,9.899665656121215e-07,0.8845087736845016,0.2,2456,360.0,0.5923858939111233
162004992,7791,20793,309,0.0001,0.0010305047946985724,-1.5609863023273647,0.005053933,0.3265751600265503,-0.015680836513638496,0.04757332801818848,0.0006421040790201005,0.5093403160572052,0.2,2464,360.0,0.5923858939111233
162529280,7815,20795,310,0.0001,4.395248383559647e-05,-1.5676937294192612,0.0042694546,0.3264244496822357,-0.01722574792802334,0.04232645034790039,0.0003958510776556068,0.9038576036691666,0.2,2472,360.0,0.6020734867453575
163053568,7838,20800,311,0.0001,0.0007885759771397716,-1.5740375346504152,0.0044293595,0.32722949981689453,-0.014818829484283924,0.04345202445983887,0.0004882138816810766,0.38553208112716675,0.2,2480,360.0,0.6020734867453575
163577856,7861,20806,312,0.0001,2.7318620375638147e-05,-1.5365295633673668,0.0064037014,0.32379481196403503,-0.01551580149680376,0.04744434356689453,-0.0004945681066601537,0.8411556780338287,0.2,2488,360.0,0.6020734867453575
164102144,7885,20811,313,0.0001,0.0009908795398132497,-1.5365567482076585,0.004715481,0.3255618214607239,-0.01503562368452549,0.048960208892822266,0.0007053891026771453,0.5147259831428528,0.2,2496,360.0,0.6020734867453575
164626432,7908,20816,314,0.0001,3.755293213458799e-05,-1.5333837866783142,0.0054534054,0.3242846429347992,-0.016198333352804184,0.0455021858215332,0.00010180234539802768,0.9100378379225731,0.2,2504,360.0,0.6020734867453575
165150720,7932,20819,315,0.0001,0.0010241960028452013,-1.5405661170370877,0.0046386565,0.32587510347366333,-0.014780811034142971,0.04790186882019043,0.0004960757300978003,0.5903007388114929,0.2,2512,360.0,0.5990128731098957
165675008,7955,20824,316,0.0001,0.0008758627413953946,-1.5674811489880085,0.0049669985,0.32720431685447693,-0.01555971521884203,0.04906821250915527,0.0005674672545410431,0.3643118739128113,0.2,2520,360.0,0.5990128731098957
166199296,7979,20829,317,0.0001,3.355633669599456e-05,-1.5568125350400805,0.004608711,0.3253967761993408,-0.01691184937953949,0.03987264633178711,-0.00029687352457585803,0.9207462221384048,0.2,2528,360.0,0.5990128731098957
166723584,8002,20834,318,0.0001,0.0010958301404571102,-1.558218440040946,0.0049580024,0.3269215226173401,-0.01530973520129919,0.04729199409484863,0.0005873870238701784,0.37986689805984497,0.2,2536,360.0,0.5990128731098957
167247872,8025,20839,319,0.0001,5.465018693939783e-05,-1.5588434850797057,0.0040641683,0.3259086310863495,-0.016153795644640923,0.043924808502197266,0.00013276088520797202,0.9005303457379341,0.2,2544,360.0,0.5990128731098957
167772160,8048,20844,320,0.0001,0.001035618128526039,-1.5648070219904184,0.0046972544,0.3272857964038849,-0.0142407501116395,0.04855155944824219,0.0004916693901577673,0.4964100122451782,0.2,2552,360.0,0.5990128731098957
168296448,8073,20846,321,0.0001,5.5657665129160705e-05,-1.5754620260559022,0.0040808627,0.32736924290657043,-0.01706884056329727,0.03978919982910156,0.0004704364985173015,0.9062256813049316,0.2,2560,360.0,0.6023701079748571
168820736,8096,20851,322,0.0001,0.0007583842989333789,-1.5872704209759831,0.0048709614,0.3283955454826355,-0.013318398967385292,0.048116207122802734,0.0005699677515167423,0.4633367657661438,0.2,2568,360.0,0.6023701079748571
169345024,8119,20856,323,0.0001,2.9281447758933155e-05,-1.552077132742852,0.005241527,0.32497233152389526,-0.016018597409129143,0.052399396896362305,-0.0002711110068958078,0.7996208965778351,0.2,2576,360.0,0.6023701079748571
169869312,8142,20861,324,0.0001,0.0009580812593412702,-1.5501824701204896,0.004855617,0.32684168219566345,-0.015937695279717445,0.04780244827270508,0.0006261905300561921,0.4723159670829773,0.2,2584,360.0,0.6023701079748571
170393600,8166,20866,325,0.0001,3.801941438297263e-05,-1.5480864271521568,0.004449227,0.32573065161705017,-0.015060914680361748,0.041565656661987305,-0.00010084377436214709,0.8901501819491386,0.2,2592,360.0,0.6023701079748571
170917888,8189,20870,326,0.0001,0.0010939173844235484,-1.5538234077394009,0.0054934267,0.3270415663719177,-0.015683146193623543,0.04454350471496582,0.0005998076287596632,0.5054140388965607,0.2,2600,360.0,0.6023701079748571
171442176,8213,20872,327,0.0001,4.300684278746303e-05,-1.556984846945852,0.0047953688,0.32678210735321045,-0.017223836854100227,0.045296669006347656,0.00012839644386986038,0.9104174897074699,0.2,2608,360.0,0.5969368377700448
171966464,8236,20877,328,0.0001,0.0007140769735087815,-1.5665678884834051,0.0047906903,0.32772713899612427,-0.015551789663732052,0.05016040802001953,0.0005635720239069997,0.36876845359802246,0.2,2616,360.0,0.5969368377700448
172490752,8260,20882,329,0.0001,2.9905117273187898e-05,-1.5331642460078,0.004919159,0.3242104649543762,-0.015149961225688457,0.05445694923400879,-0.0003345585014358221,0.8302391916513443,0.2,2624,360.0,0.5969368377700448
173015040,8283,20887,330,0.0001,0.0008546630078853923,-1.534064434003085,0.005445375,0.3264254331588745,-0.013300517573952675,0.05504131317138672,0.0006402732103651942,0.5841479003429413,0.2,2632,360.0,0.5969368377700448
173539328,8306,20891,331,0.0001,3.197971194879301e-05,-1.520316671114415,0.0051852777,0.32417500019073486,-0.014159382320940495,0.040874481201171875,-0.00017101560479204636,0.9199800044298172,0.2,2640,360.0,0.5969368377700448
174063616,8330,20893,332,0.0001,0.00030985208218226035,-1.5108855445869267,0.004863727,0.3246912956237793,-0.010921970009803772,0.053206443786621094,0.00016373479252251855,0.8434246927499771,0.2,2648,360.0,0.6046213936060667
174587904,8354,20898,333,0.0001,0.0008790871033852454,-1.5228160438127816,0.0045725396,0.32541322708129883,-0.015148411504924297,0.045992374420166016,0.0005345535664673662,0.46454089879989624,0.2,2656,360.0,0.6046213936060667
175112192,8377,20902,334,0.0001,2.1348774382090596e-05,-1.484313334338367,0.0050334353,0.3215097188949585,-0.01574021950364113,0.047925710678100586,-0.0012834116641897708,0.895481526851654,0.2,2664,360.0,0.6046213936060667
175636480,8400,20907,335,0.0001,0.0010270481277530052,-1.4756133006885648,0.005658714,0.3229670524597168,-0.015329678542912006,0.05630373954772949,0.0008548329681161704,0.4166959524154663,0.2,2672,360.0,0.6046213936060667
176160768,8423,20912,336,0.0001,3.903384336467752e-05,-1.4771038894541562,0.004789496,0.32200467586517334,-0.012228601612150669,0.040231943130493164,0.0004056804602896591,0.8758933767676353,0.2,2680,360.0,0.6046213936060667
176685056,8447,20916,337,0.0001,0.0009983475920307683,-1.484739180188626,0.0049447287,0.32345500588417053,-0.01426983904093504,0.04715704917907715,0.0005212530418248207,0.49423807859420776,0.2,2688,360.0,0.6046213936060667
177209344,8471,20918,338,0.0001,4.456181376610857e-05,-1.4893879774026573,0.004420341,0.32310402393341064,-0.015202059410512447,0.04160618782043457,0.00019053163100579695,0.8994884863495827,0.2,2696,360.0,0.5983065974712372
177733632,8494,20922,339,0.0001,0.0007628044481862162,-1.5009337179362774,0.005103828,0.32417282462120056,-0.014539560303092003,0.04564714431762695,0.0005431365775621089,0.39555811882019043,0.2,2704,360.0,0.5983065974712372
178257920,8517,20927,340,0.0001,2.4564002622184944e-05,-1.470777249429375,0.006262961,0.32098624110221863,-0.014630407094955444,0.049375057220458984,-0.000537841561708774,0.7900206297636032,0.2,2712,360.0,0.5983065974712372
178782208,8541,20931,341,0.0001,0.0009688438447028602,-1.4685225975699723,0.0046198675,0.3226490914821625,-0.014033852145075798,0.048574209213256836,0.0006130806918918097,0.4688054919242859,0.2,2720,360.0,0.5983065974712372
179306496,8564,20936,342,0.0001,3.4031394292810546e-05,-1.4648631694726646,0.0046453727,0.321361243724823,-0.01411590725183487,0.04493260383605957,-6.395872242137557e-05,0.8806708380579948,0.2,2728,360.0,0.5983065974712372
179830784,8587,20940,343,0.0001,0.0010973560915772396,-1.4657974070869386,0.0050343317,0.3222390413284302,-0.014076443389058113,0.042154788970947266,0.0004336760528076411,0.5230941474437714,0.2,2736,360.0,0.5983065974712372
180355072,8611,20942,344,0.0001,4.095275566839973e-05,-1.4669342944398522,0.004835398,0.32184743881225586,-0.01581401564180851,0.046971797943115234,0.00019111996914489282,0.9165829792618752,0.2,2744,360.0,0.6130032612383366
180879360,8635,20946,345,0.0001,0.0005593979740297073,-1.4727926789782941,0.005080194,0.3227592408657074,-0.01500194612890482,0.04971504211425781,0.0005231181355611625,0.4377368092536926,0.2,2752,360.0,0.6130032612383366
181403648,8658,20951,346,0.0001,0.0009262349533400993,-1.4989312253892422,0.004208674,0.32435619831085205,-0.014407672919332981,0.04666638374328613,0.0007754466478218092,0.10983169078826904,0.2,2760,360.0,0.6130032612383366
181927936,8681,20955,347,0.0001,0.00010089382564615335,-1.5045411279425025,0.004808003,0.3237707018852234,-0.015735168009996414,0.04635024070739746,0.00022599888791319245,0.9241805374622345,0.2,2768,360.0,0.6130032612383366
182452224,8704,20960,348,0.0001,0.0010864917280741793,-1.5155048072338104,0.005411274,0.32508957386016846,-0.013183040544390678,0.04950237274169922,0.0008216050589453516,0.4539101719856262,0.2,2776,360.0,0.6130032612383366
182976512,8729,20961,349,0.0001,8.002178873312005e-05,-1.5227501424960792,0.004423808,0.32449907064437866,-0.013788975775241852,0.0456547737121582,0.00040526567431697913,0.9177884459495544,0.2,2784,360.0,0.613893811404705
183500800,8752,20965,350,0.0001,0.0007539860807810328,-1.5302879135124385,0.0054746782,0.3252808749675751,-0.015295754186809063,0.0521388053894043,0.0007321250718632655,0.47441786527633667,0.2,2792,360.0,0.613893811404705
184025088,8775,20970,351,0.0001,2.6700927087119908e-05,-1.4918709746561944,0.0053755865,0.32161542773246765,-0.0159747451543808,0.04524111747741699,-0.0005368931472276017,0.8060389757156372,0.2,2800,360.0,0.613893811404705
184549376,8798,20974,352,0.0001,0.0009855098410298524,-1.4862647149711847,0.0044133365,0.3232825994491577,-0.014810086227953434,0.04697084426879883,0.0006474692552274064,0.44866806268692017,0.2,2808,360.0,0.613893811404705
185073664,8822,20978,353,0.0001,3.610500562700736e-05,-1.4865203346125782,0.0042935433,0.32241541147232056,-0.014279216527938843,0.0388791561126709,0.00013934206822341366,0.8884171843528748,0.2,2816,360.0,0.613893811404705
185597952,8845,20982,354,0.0001,0.001012290017797568,-1.4959185952320695,0.0045081545,0.3237900137901306,-0.014790208078920841,0.04381847381591797,0.0005455721659473056,0.5111212432384491,0.2,2824,360.0,0.613893811404705
186122240,8869,20984,355,0.0001,5.182262880509825e-05,-1.502758010290563,0.004120428,0.3236044645309448,-0.01565145142376423,0.04337596893310547,0.0003066861233946838,0.9122425317764282,0.2,2832,360.0,0.6387386426329613
186646528,8892,20988,356,0.0001,0.0006821411157034163,-1.5160028282552958,0.004553577,0.32470130920410156,-0.01507097389549017,0.048131704330444336,0.0005943481173744658,0.38390052318573,0.2,2840,360.0,0.6387386426329613
187170816,8916,20992,357,0.0001,2.844378342103937e-05,-1.4835622441023588,0.00488313,0.32148799300193787,-0.015180762857198715,0.04735684394836426,-0.0003068845303459966,0.8095840215682983,0.2,2848,360.0,0.6387386426329613
187695104,8939,20996,358,0.0001,0.0009812865639560187,-1.4802216845564544,0.005184672,0.3230763077735901,-0.013794255442917347,0.05708765983581543,0.0007142068873235985,0.5021880865097046,0.2,2856,360.0,0.6387386426329613
188219392,8962,21000,359,0.0001,3.2918787177038666e-05,-1.471645459998399,0.0052509634,0.3217281699180603,-0.014706317335367203,0.048098087310791016,-6.342820665850013e-05,0.8984788209199905,0.2,2864,360.0,0.6387386426329613
188743680,8987,21001,360,0.0001,0.0009709275502700621,-1.4849191093817353,0.0045019835,0.3239312767982483,-0.01362368930131197,0.05183005332946777,0.0005490210394327733,0.5984626710414886,0.2,2872,360.0,0.5945880725234747
189267968,9010,21005,361,0.0001,0.0008425027804150886,-1.5188830671831965,0.0044675195,0.3256652355194092,-0.014066830277442932,0.045850276947021484,0.0006471501437772531,0.40769559144973755,0.2,2880,360.0,0.5945880725234747
189792256,9033,21009,362,0.0001,3.053901560434724e-05,-1.5042226403020322,0.004215314,0.3232133090496063,-0.01459211390465498,0.041144371032714844,-0.00030645005836049677,0.9153391495347023,0.2,2888,360.0,0.5945880725234747
190316544,9056,21013,363,0.0001,0.0010390892416580755,-1.502059964928776,0.004603088,0.3246878385543823,-0.01369955763220787,0.05216336250305176,0.0007266601832043307,0.3674548864364624,0.2,2896,360.0,0.5945880725234747
190840832,9079,21017,364,0.0001,5.1959688860847564e-05,-1.5103830178268254,0.0043657073,0.3244886100292206,-0.016247274354100227,0.04056191444396973,0.0004899773757642834,0.8897616937756538,0.2,2904,360.0,0.5945880725234747
191365120,9103,21022,365,0.0001,0.0010255518243411643,-1.522060539573431,0.0050755786,0.3257071077823639,-0.014913996681571007,0.049086570739746094,0.0007505677924655174,0.48129111528396606,0.2,2912,360.0,0.5945880725234747
191889408,9127,21023,366,0.0001,4.899332827790204e-05,-1.5229100538417697,0.005211373,0.32491740584373474,-0.014996640384197235,0.04152560234069824,0.00040261965841636993,0.9050635620951653,0.2,2920,360.0,0.6130607626214624
192413696,9150,21027,367,0.0001,0.0007806101691585354,-1.5313920304179192,0.005018222,0.3258852958679199,-0.013501453213393688,0.0496823787689209,0.000533366743525221,0.41686272621154785,0.2,2928,360.0,0.6130607626214624
192937984,9173,21031,368,0.0001,2.724647841745309e-05,-1.4896765048615634,0.0049143,0.3219728469848633,-0.01635843515396118,0.04460287094116211,-0.0005066652681762207,0.7656500339508057,0.2,2936,360.0,0.6130607626214624
193462272,9197,21035,369,0.0001,0.0009519210516373278,-1.4769144980236888,0.004300287,0.3227691650390625,-0.014900771901011467,0.04765796661376953,0.0006818984081746748,0.45275408029556274,0.2,2944,360.0,0.6130607626214624
193986560,9220,21039,370,0.0001,3.5502414476695776e-05,-1.4647369151934981,0.0040849852,0.32127615809440613,-0.015099592506885529,0.03719663619995117,6.401141854439629e-05,0.8700467050075531,0.2,2952,360.0,0.6130607626214624
194510848,9243,21042,371,0.0001,0.001057791843322775,-1.464796403888613,0.0044673504,0.3222735822200775,-0.015849506482481956,0.043648719787597656,0.0006175354728839011,0.503313422203064,0.2,2960,360.0,0.6130607626214624
195035136,9268,21043,372,0.0001,4.4862130494038865e-05,-1.4699262608774006,0.005005868,0.3219905495643616,-0.01510218158364296,0.04340839385986328,0.00021228654350124998,0.9104651659727097,0.2,2968,360.0,0.6131588791310787
195559424,9291,21047,373,0.0001,0.000665002124151215,-1.4775203997269273,0.0049979147,0.3231414556503296,-0.015014993958175182,0.0482790470123291,0.0006943138998849463,0.36789125204086304,0.2,2976,360.0,0.6131588791310787
196083712,9314,21051,374,0.0001,2.7598471788792267e-05,-1.4449934591539204,0.005253887,0.3197157382965088,-0.01591700129210949,0.045043230056762695,-0.0006053529816654191,0.8053243458271027,0.2,2984,360.0,0.6131588791310787
196608000,9337,21055,375,0.0001,0.0008304700090775441,-1.4482552795670927,0.0058250036,0.32187604904174805,-0.014083851128816605,0.06498908996582031,0.0008501995953338337,0.5753680765628815,0.2,2992,360.0,0.6131588791310787
197132288,9361,21058,376,0.0001,2.9655914602244593e-05,-1.4349579829722643,0.0047271545,0.31920433044433594,-0.012708742171525955,0.04185009002685547,-4.938692177347548e-05,0.9127396419644356,0.2,3000,360.0,0.6131588791310787
197656576,9385,21059,377,0.0001,0.00030835139108376097,-1.4181159436702728,0.005087167,0.3195250928401947,-0.012241718359291553,0.05785489082336426,0.0004439525027919444,0.8461349606513977,0.2,3008,360.0,0.6227701003104449
198180864,9408,21062,378,0.0001,0.0008173139638074645,-1.4310841509141028,0.005019216,0.3203619420528412,-0.013725848868489265,0.05393505096435547,0.000762356297173028,0.47078049182891846,0.2,3016,360.0,0.6227701003104449
198705152,9432,21066,379,0.0001,2.0860801903666015e-05,-1.4000908150337636,0.0054095606,0.3171710669994354,-0.015866322442889214,0.04886460304260254,-0.0009647916151607205,0.885710172355175,0.2,3024,360.0,0.6227701003104449
199229440,9455,21070,380,0.0001,0.0010261929223815969,-1.3911073305644095,0.005007454,0.31832072138786316,-0.01260584406554699,0.050069570541381836,0.0006001220165217092,0.409005343914032,0.2,3032,360.0,0.6227701003104449
199753728,9478,21073,381,0.0001,3.689814572993555e-05,-1.3899527080357075,0.004327661,0.31756865978240967,-0.01424130704253912,0.04092264175415039,0.00031336622328126396,0.8745321184396744,0.2,3040,360.0,0.6227701003104449
200278016,9501,21077,382,0.0001,0.000997036800299611,-1.400247941724956,0.0053096246,0.3189564645290375,-0.012679205276072025,0.04916810989379883,0.0006679175910448976,0.4933343529701233,0.2,3048,360.0,0.6227701003104449
200802304,9526,21079,383,0.0001,4.171270707331587e-05,-1.4025676776655018,0.004079233,0.3183472156524658,-0.014029008336365223,0.036757469177246094,0.00020519137876817695,0.9061527624726295,0.2,3056,360.0,0.6056990773975849
201326592,9549,21082,384,0.0001,0.0006973111792376585,-1.4126651249825954,0.004518289,0.3196607530117035,-0.012709176167845726,0.047730445861816406,0.0007012326900621701,0.4142872095108032,0.2,3064,360.0,0.6056990773975849
201850880,9572,21086,385,0.0001,2.765661820802734e-05,-1.374810651410371,0.0053455792,0.31584879755973816,-0.015563098713755608,0.04878854751586914,-0.000472082834903631,0.7843610346317291,0.2,3072,360.0,0.6056990773975849
202375168,9595,21089,386,0.0001,0.0009742089400788245,-1.36158537119627,0.0044835685,0.31680017709732056,-0.014442609623074532,0.05063199996948242,0.0006927252460400268,0.4787777066230774,0.2,3080,360.0,0.6056990773975849
202899456,9619,21093,387,0.0001,3.222035499561571e-05,-1.3482921151444316,0.004900448,0.3152279555797577,-0.013094826601445675,0.04909014701843262,0.00010786683378682937,0.8870598524808884,0.2,3088,360.0,0.6056990773975849
203423744,9642,21096,388,0.0001,0.0011065176627198525,-1.349902173038572,0.0052814754,0.316474974155426,-0.011805636808276176,0.05616044998168945,0.0008861596697897767,0.5017253160476685,0.2,3096,360.0,0.6056990773975849
203948032,9666,21097,389,0.0001,3.6837421340862875e-05,-1.3466372382827103,0.0050152824,0.3155345320701599,-0.012610038742423058,0.049033164978027344,0.00017475824711254972,0.9084054231643677,0.2,3104,360.0,0.6201446363329888
204472320,9690,21101,390,0.0001,0.0005737493877404631,-1.3526355237700045,0.0055097556,0.3166819214820862,-0.014200215227901936,0.053388357162475586,0.0006658422744294512,0.4437274932861328,0.2,3112,360.0,0.6201446363329888
204996608,9713,21104,391,0.0001,0.0009523716846615571,-1.3799491301178932,0.003985744,0.31830018758773804,-0.014658346772193909,0.0507199764251709,0.0007713652987604291,0.10714036226272583,0.2,3120,360.0,0.6201446363329888
205520896,9736,21107,392,0.0001,9.639958710749852e-05,-1.3864469733089209,0.0048700143,0.3177759647369385,-0.011724433861672878,0.04770946502685547,0.00044257338845454797,0.926704153418541,0.2,3128,360.0,0.6201446363329888
206045184,9759,21111,393,0.0001,0.0010597445038911246,-1.4021195922978222,0.005206675,0.3195907771587372,-0.013745749369263649,0.05771160125732422,0.0009498804764689339,0.44182586669921875,0.2,3136,360.0,0.6201446363329888
206569472,9784,21112,394,0.0001,6.243637025704629e-05,-1.4068818222731352,0.004387837,0.31896287202835083,-0.01454509049654007,0.04336690902709961,0.0001558364233460452,0.9175326973199844,0.2,3144,360.0,0.5972981176525355
207093760,9807,21115,395,0.0001,0.0008036162510052236,-1.4181510331109166,0.004959827,0.3202816843986511,-0.01491062343120575,0.055611610412597656,0.0008204299481349153,0.4133908152580261,0.2,3152,360.0,0.5972981176525355
207618048,9830,21119,396,0.0001,2.253443011568379e-05,-1.3794659483246505,0.0049056523,0.3164392113685608,-0.01421255711466074,0.044965267181396484,-0.0008065790223099611,0.8138077110052109,0.2,3160,360.0,0.5972981176525355
208142336,9853,21122,397,0.0001,0.0009777224140634644,-1.3687319047749043,0.004552279,0.31763821840286255,-0.012022511102259159,0.05019497871398926,0.0007772327550128466,0.44041621685028076,0.2,3168,360.0,0.5972981176525355
208666624,9877,21126,398,0.0001,3.522085712148737e-05,-1.3615541979670525,0.0045137415,0.31618964672088623,-0.01476873829960823,0.04529285430908203,6.269842174333462e-06,0.8805361017584801,0.2,3176,360.0,0.5972981176525355
209190912,9900,21129,399,0.0001,0.0010056228497887787,-1.3624762268736959,0.0048425295,0.3173059821128845,-0.013371453620493412,0.0484006404876709,0.0006043021314781072,0.4876326322555542,0.2,3184,360.0,0.5972981176525355
209715200,9924,21130,400,0.0001,4.3302104501208305e-05,-1.3654267084784806,0.0045518433,0.31686627864837646,-0.012901167385280132,0.04528093338012695,-0.00013429735713543778,0.9004726186394691,0.2,3192,360.0,0.625885546579957
